-- phpMyAdmin SQL Dump
-- version 4.8.5
-- https://www.phpmyadmin.net/
--
-- Host: 127.0.0.1
-- Generation Time: Jul 16, 2019 at 07:37 PM
-- Server version: 10.1.38-MariaDB
-- PHP Version: 7.3.3

SET SQL_MODE = "NO_AUTO_VALUE_ON_ZERO";
SET AUTOCOMMIT = 0;
START TRANSACTION;
SET time_zone = "+00:00";


/*!40101 SET @OLD_CHARACTER_SET_CLIENT=@@CHARACTER_SET_CLIENT */;
/*!40101 SET @OLD_CHARACTER_SET_RESULTS=@@CHARACTER_SET_RESULTS */;
/*!40101 SET @OLD_COLLATION_CONNECTION=@@COLLATION_CONNECTION */;
/*!40101 SET NAMES utf8mb4 */;

--
-- Database: `imprint`
--

-- --------------------------------------------------------

--
-- Table structure for table `bglevel`
--

CREATE TABLE `bglevel` (
  `bgid` int(11) NOT NULL,
  `readingid` char(10) COLLATE utf8_unicode_ci NOT NULL,
  `userid` int(11) DEFAULT NULL,
  `date` date DEFAULT NULL,
  `time` time DEFAULT NULL,
  `category` varchar(45) COLLATE utf8_unicode_ci DEFAULT NULL,
  `bglevel` int(11) DEFAULT NULL,
  `notes` varchar(45) COLLATE utf8_unicode_ci DEFAULT NULL
) ENGINE=MyISAM DEFAULT CHARSET=utf8 COLLATE=utf8_unicode_ci;

-- --------------------------------------------------------

--
-- Table structure for table `bgunits`
--

CREATE TABLE `bgunits` (
  `bgid` int(11) NOT NULL,
  `unit` varchar(10) COLLATE utf8_unicode_ci DEFAULT NULL
) ENGINE=MyISAM DEFAULT CHARSET=utf8 COLLATE=utf8_unicode_ci;

-- --------------------------------------------------------

--
-- Table structure for table `ci_sessions`
--

CREATE TABLE `ci_sessions` (
  `id` varchar(128) NOT NULL,
  `ip_address` varchar(45) NOT NULL,
  `timestamp` int(10) UNSIGNED NOT NULL DEFAULT '0',
  `data` blob NOT NULL
) ENGINE=MyISAM DEFAULT CHARSET=latin1;

--
-- Dumping data for table `ci_sessions`
--

INSERT INTO `ci_sessions` (`id`, `ip_address`, `timestamp`, `data`) VALUES
('rhj6cpmv74j9o0geovniadv5nnm4rt0k', '1.171.88.73', 1563291944, 0x5f5f63695f6c6173745f726567656e65726174657c693a313536333239313931363b6973557365724c6f67676564496e7c623a313b7573657269647c733a313a2231223b),
('5c3icu05kepkto0qpkdqt4e7vn0luceg', '35.229.211.251', 1563287335, 0x5f5f63695f6c6173745f726567656e65726174657c693a313536333238373333353b),
('dm41pdpau38h54ep7o4kgcdvki1jieoi', '35.243.120.79', 1563269176, 0x5f5f63695f6c6173745f726567656e65726174657c693a313536333236393137363b),
('4h9qg2t06fls0eojuep3uft8e6879tvl', '198.108.66.32', 1563248218, 0x5f5f63695f6c6173745f726567656e65726174657c693a313536333234383231383b),
('gtf6k9rfe3nt2p0jps5i18b34kvje06n', '71.6.143.90', 1563245619, 0x5f5f63695f6c6173745f726567656e65726174657c693a313536333234353631393b),
('hliuinr5q3aanq7e3t8utquts6f76mmu', '198.108.66.161', 1563242809, 0x5f5f63695f6c6173745f726567656e65726174657c693a313536333234323830393b),
('ar8cu1v7l3adbjpvvssjoao5l4o1ba1l', '123.206.91.43', 1563238975, 0x5f5f63695f6c6173745f726567656e65726174657c693a313536333233383937353b),
('pjt50ertas94t954k47hl8uuk5j5anm0', '122.228.19.80', 1563231340, 0x5f5f63695f6c6173745f726567656e65726174657c693a313536333233313334303b),
('uuidvvraabmfiq6m5i7iti2kmoigg5qo', '185.142.236.35', 1563229946, 0x5f5f63695f6c6173745f726567656e65726174657c693a313536333232393934343b),
('jjir82piuuj9gnn97nedrmmg1q1fnh82', '54.36.150.44', 1563197838, 0x5f5f63695f6c6173745f726567656e65726174657c693a313536333139373833383b),
('mut9rc9kiq31n2jcr3k0vesuk9t4qunc', '185.100.87.249', 1563196191, 0x5f5f63695f6c6173745f726567656e65726174657c693a313536333139363139313b),
('cduprm6n0hq1so3ip98q5nsm6q6uhoba', '185.100.87.249', 1563193954, 0x5f5f63695f6c6173745f726567656e65726174657c693a313536333139333935343b),
('oo453n741360h16hevrf74emcvp13f94', '118.89.222.165', 1563148089, 0x5f5f63695f6c6173745f726567656e65726174657c693a313536333134383038373b),
('ufa6uq49h31cv7tj7360enu12sp391uc', '118.89.222.165', 1563148089, 0x5f5f63695f6c6173745f726567656e65726174657c693a313536333134383038373b),
('tg6ku0kjcgqil9d81ds1l3037imftjnt', '107.170.237.126', 1563112446, 0x5f5f63695f6c6173745f726567656e65726174657c693a313536333131323434363b),
('72me3gdpucsultv43c9uooncciffsrqc', '62.173.140.101', 1563089461, 0x5f5f63695f6c6173745f726567656e65726174657c693a313536333038393435383b),
('ajsjdfn1n0o1v8dkaik8o4j2c34o8k16', '159.203.184.166', 1562972269, 0x5f5f63695f6c6173745f726567656e65726174657c693a313536323937323236393b),
('6kafmpchi6dp1p3elimle7cegc89qvnv', '154.0.161.156', 1562946573, 0x5f5f63695f6c6173745f726567656e65726174657c693a313536323934363537313b),
('9fk3f3tk0colg2mg2g7ghvce7n1hpakj', '71.6.146.130', 1562932110, 0x5f5f63695f6c6173745f726567656e65726174657c693a313536323933323131303b),
('2brgpqfu8g8tct3cpkcb4eodf96eklu9', '80.82.77.139', 1562898523, 0x5f5f63695f6c6173745f726567656e65726174657c693a313536323839383532333b),
('dhirlfr6lc8a1rmtgn1rurd0voifq4ro', '213.32.122.82', 1562856413, 0x5f5f63695f6c6173745f726567656e65726174657c693a313536323835363431313b),
('kp68smrgver2b5ape6qmvstt0a48rhq8', '66.249.79.188', 1562819867, 0x5f5f63695f6c6173745f726567656e65726174657c693a313536323831393836363b),
('9qkgsfgo71oc9km4pasmnu8a9di9nct0', '60.195.249.207', 1562802115, 0x5f5f63695f6c6173745f726567656e65726174657c693a313536323830323131333b),
('9ugndn7ksi2l6ta0gbml2kkj7guem8df', '60.195.249.207', 1562802115, 0x5f5f63695f6c6173745f726567656e65726174657c693a313536323830323131333b),
('mn3f0al76bq53n3q20uri6mr1ertd969', '180.76.113.146', 1562776673, 0x5f5f63695f6c6173745f726567656e65726174657c693a313536323737363637333b),
('augichtlumep59mm8imo9i1fsgave7k9', '180.76.113.146', 1562776583, 0x5f5f63695f6c6173745f726567656e65726174657c693a313536323737363538313b),
('i9qkc8m1pvel05dogui7ii7bdp980eu1', '180.76.113.146', 1562776583, 0x5f5f63695f6c6173745f726567656e65726174657c693a313536323737363538313b),
('211kuijre59k30clkm7u182578o9vrqg', '157.230.115.62', 1562752437, 0x5f5f63695f6c6173745f726567656e65726174657c693a313536323735323433373b),
('g0mr8qnd7b3jl13mehpgdkefp553ief7', '71.6.146.185', 1562729443, 0x5f5f63695f6c6173745f726567656e65726174657c693a313536323732393434333b),
('pq14r9m6luuiiosplv5vq5mipafiisps', '51.254.59.113', 1562729099, 0x5f5f63695f6c6173745f726567656e65726174657c693a313536323732393039383b),
('9879lovk8mj6heikip7ulbg553mvoi10', '198.108.67.16', 1562697121, 0x5f5f63695f6c6173745f726567656e65726174657c693a313536323639373132313b),
('pqpt8ac0k8mootkpistogsijcbrnde20', '118.24.7.145', 1562689390, 0x5f5f63695f6c6173745f726567656e65726174657c693a313536323638393339303b),
('pquss4s636r5uj3vvj333m1oc9uibb8l', '118.24.7.145', 1562689155, 0x5f5f63695f6c6173745f726567656e65726174657c693a313536323638393135353b),
('9dvqus1ef36i99fta5gh0piorfed3d3p', '118.24.7.145', 1562688404, 0x5f5f63695f6c6173745f726567656e65726174657c693a313536323638383430343b),
('jt8g3mngd8cd259b0qi149tj6dm67dtc', '157.230.115.62', 1562681098, 0x5f5f63695f6c6173745f726567656e65726174657c693a313536323638313039383b),
('1h1mqslteghjlb7n3e8rj1l2m6selh80', '71.6.143.90', 1562675827, 0x5f5f63695f6c6173745f726567656e65726174657c693a313536323637353832373b),
('lt9op7hslr97o547co4t9fi6hd0cnlck', '198.108.66.161', 1562671073, 0x5f5f63695f6c6173745f726567656e65726174657c693a313536323637313037333b),
('aaghl2uap7sgs06bso3ugd6ah9rmlvpa', '34.83.217.52', 1562669946, 0x5f5f63695f6c6173745f726567656e65726174657c693a313536323636393934343b),
('m7kbg9tosfr842mtff9tmen3ckapcjsc', '51.158.120.115', 1562646240, 0x5f5f63695f6c6173745f726567656e65726174657c693a313536323634363234303b),
('75e54n9na0m2uitc636a732k5t2ohsie', '77.247.110.219', 1562631789, 0x5f5f63695f6c6173745f726567656e65726174657c693a313536323633313738393b),
('pdlsf50egobg2ru8n0ism58qa21g0hr4', '40.91.220.4', 1562582814, 0x5f5f63695f6c6173745f726567656e65726174657c693a313536323538323831343b),
('pp041p9nb9l4r3hbtn5dq9a64n1779h0', '40.91.220.4', 1562582283, 0x5f5f63695f6c6173745f726567656e65726174657c693a313536323538323238313b),
('bm4a8l3j7jier4p5q0bdbq7hr5juun0h', '40.91.220.4', 1562582283, 0x5f5f63695f6c6173745f726567656e65726174657c693a313536323538323238313b),
('ih5ni3h8ap6f87i6tl8tt78rfi942vds', '178.162.199.141', 1562535903, 0x5f5f63695f6c6173745f726567656e65726174657c693a313536323533353930333b),
('lfm0tbpat3hv2cgo3td9g0fgq2deasv3', '172.245.87.30', 1562506042, 0x5f5f63695f6c6173745f726567656e65726174657c693a313536323530363034313b),
('0fq2targk73b1onctp1sf14d0dqh36g8', '172.245.87.30', 1562506040, 0x5f5f63695f6c6173745f726567656e65726174657c693a313536323530363034303b),
('schdch8dc9soofjdb79pj0g19mc4jmv1', '172.245.87.30', 1562506040, 0x5f5f63695f6c6173745f726567656e65726174657c693a313536323530363034303b),
('jssdaa806ps84t2d971ei7g1da62o5tg', '172.245.87.30', 1562506040, 0x5f5f63695f6c6173745f726567656e65726174657c693a313536323530363034303b),
('iitiv7pomt94975ppiu8b0qvgt629595', '34.239.148.108', 1562492922, 0x5f5f63695f6c6173745f726567656e65726174657c693a313536323439323932323b),
('27ntc81culcd8gefaa2hmsip5ev9se6l', '34.239.148.108', 1562492902, 0x5f5f63695f6c6173745f726567656e65726174657c693a313536323439323930303b),
('dk9gk15aneqa4qg3qb79e13sov5b252r', '34.239.148.108', 1562492902, 0x5f5f63695f6c6173745f726567656e65726174657c693a313536323439323930303b),
('ju8ub4jvcp04hhb9ar7ggd2e5puovqv5', '61.135.210.215', 1562472170, 0x5f5f63695f6c6173745f726567656e65726174657c693a313536323437323136383b),
('q9qvgm2uvce6tr0jc3lps7kul1ejiniu', '61.135.210.215', 1562472170, 0x5f5f63695f6c6173745f726567656e65726174657c693a313536323437323136383b),
('0eqfujarhevafhuiu71j18qkoqucu8of', '149.56.46.136', 1562404330, 0x5f5f63695f6c6173745f726567656e65726174657c693a313536323430343333303b),
('5nm5d6j2lc4rv1hnoli5q9pfvhjmchvj', '149.56.46.136', 1562403850, 0x5f5f63695f6c6173745f726567656e65726174657c693a313536323430333834383b),
('3pc45ia9klmo7s18f5fbm0lnp79d5urm', '149.56.46.136', 1562403850, 0x5f5f63695f6c6173745f726567656e65726174657c693a313536323430333834383b),
('3gg2h3ogm1j7590u85be19oq9dqgotak', '51.254.59.113', 1562362819, 0x5f5f63695f6c6173745f726567656e65726174657c693a313536323336323831383b),
('fc0icrbcob57gvhc0aau84pj276r95a4', '96.127.158.234', 1562317610, 0x5f5f63695f6c6173745f726567656e65726174657c693a313536323331373631303b),
('dv8japmch5ef8se4f768edkldc1lf79u', '40.113.230.242', 1562304200, 0x5f5f63695f6c6173745f726567656e65726174657c693a313536323330343230303b),
('va4eibmq2eb42j953ejl5qdar446jgb3', '40.113.230.242', 1562303960, 0x5f5f63695f6c6173745f726567656e65726174657c693a313536323330333935383b),
('mtj178fnv60qgfs8k5upde9gfma15vkc', '40.113.230.242', 1562303961, 0x5f5f63695f6c6173745f726567656e65726174657c693a313536323330333935383b),
('5tesns9elud21rsfbg36jaek2dv36l7j', '35.244.34.219', 1562285875, 0x5f5f63695f6c6173745f726567656e65726174657c693a313536323238353837353b),
('hm3ii2348s8es5gd9dlb9m5j8tskge9d', '54.90.33.19', 1562274614, 0x5f5f63695f6c6173745f726567656e65726174657c693a313536323237343631323b),
('bhjj77vej16n17djotmo6s49p2srb8ps', '71.6.143.90', 1562261040, 0x5f5f63695f6c6173745f726567656e65726174657c693a313536323236313033393b),
('vcuo9qv4gbs6e5qj6hgfj6l6t53b8od9', '180.96.12.158', 1562218806, 0x5f5f63695f6c6173745f726567656e65726174657c693a313536323231383830363b),
('1rlu0dg7ef6r9353p5c082c23mu01v34', '180.96.12.158', 1562218801, 0x5f5f63695f6c6173745f726567656e65726174657c693a313536323231383830313b),
('37cqvht26hltv794i58r2npj6p42me58', '180.96.12.158', 1562218795, 0x5f5f63695f6c6173745f726567656e65726174657c693a313536323231383739353b),
('duruvid62kbu6fgm6sij52plets79e2n', '180.96.12.158', 1562218791, 0x5f5f63695f6c6173745f726567656e65726174657c693a313536323231383739313b),
('ho14f19j5lmnnm71ama28t1l1s2u4532', '167.99.205.215', 1562195862, 0x5f5f63695f6c6173745f726567656e65726174657c693a313536323139353835393b),
('3u60cou8ip5jkj1tjinjoknckhro953m', '167.99.205.215', 1562195862, 0x5f5f63695f6c6173745f726567656e65726174657c693a313536323139353835393b),
('eampuqv1ksdhiort4d93r2glqrki1ts1', '122.228.19.80', 1562128750, 0x5f5f63695f6c6173745f726567656e65726174657c693a313536323132383734393b),
('rd00k0m383fb0bsf8lmm2j6b21ddnu11', '198.108.66.64', 1562104989, 0x5f5f63695f6c6173745f726567656e65726174657c693a313536323130343938373b),
('9f6h9b3oniold0rqbk4kuuidp3d0r08s', '198.108.66.64', 1562104989, 0x5f5f63695f6c6173745f726567656e65726174657c693a313536323130343938373b),
('s5o30gao8daflhi3i5k8vl1a6jab56d5', '91.92.247.108', 1562067831, 0x5f5f63695f6c6173745f726567656e65726174657c693a313536323036373833313b),
('jvbogv93mgl1vmugcib1qkdd61b6jmbj', '94.102.49.193', 1562055046, 0x5f5f63695f6c6173745f726567656e65726174657c693a313536323035353034363b),
('co9fopnoiocl1ifqhjgkmvkn0jre2dio', '122.228.19.80', 1562053656, 0x5f5f63695f6c6173745f726567656e65726174657c693a313536323035333635363b),
('p7vidvrfuui101u2hqcnbqbd4akd6jv3', '89.248.167.131', 1562049900, 0x5f5f63695f6c6173745f726567656e65726174657c693a313536323034393930303b),
('cqr9pmd9m7k1tqcvmrdg53l2vo8uhqk9', '120.79.192.225', 1562042205, 0x5f5f63695f6c6173745f726567656e65726174657c693a313536323034323230353b),
('uve6obihamelo2jvkk2di1lni5qfjcig', '185.142.236.35', 1562037376, 0x5f5f63695f6c6173745f726567656e65726174657c693a313536323033373337363b),
('qd3500i1ghqr6om5nn9krs88vvk8nb16', '198.108.66.112', 1562029883, 0x5f5f63695f6c6173745f726567656e65726174657c693a313536323032393838333b),
('kupnca1hs1gpludrcuqu6toqqvhmml0j', '118.31.14.42', 1562026522, 0x5f5f63695f6c6173745f726567656e65726174657c693a313536323032363532323b),
('jkvvmht08qn2d2sp021rfgn0dsjar4rr', '118.31.14.42', 1562026519, 0x5f5f63695f6c6173745f726567656e65726174657c693a313536323032363531393b),
('50dmqsb63th79tb860rh7dc25fpsnb4u', '118.31.14.42', 1562026506, 0x5f5f63695f6c6173745f726567656e65726174657c693a313536323032363530363b),
('lfh11h7ldap80fl6le2bu9c13gqpre9n', '71.6.143.90', 1562024886, 0x5f5f63695f6c6173745f726567656e65726174657c693a313536323032343838363b),
('ra2g8bm3flh12r6lae133uunbq1m55n7', '185.234.219.124', 1562019804, 0x5f5f63695f6c6173745f726567656e65726174657c693a313536323031393830323b),
('fnv9fsjv6hc7i5vc6136amet6vmr1nrn', '3.84.212.48', 1562003654, 0x5f5f63695f6c6173745f726567656e65726174657c693a313536323030333635343b),
('50ll1o0vvqfoucv5asqcks85a1jrkcto', '149.129.234.6', 1562003616, 0x5f5f63695f6c6173745f726567656e65726174657c693a313536323030333631363b),
('qihuufk0ghjgcmgiqn03mjjl7ojgvpi4', '149.129.234.6', 1562003557, 0x5f5f63695f6c6173745f726567656e65726174657c693a313536323030333535373b),
('0b7d60dqpgfnqp84tn8nj2vl6j4c5hmv', '192.31.231.240', 1561976824, 0x5f5f63695f6c6173745f726567656e65726174657c693a313536313937363832343b),
('q4qu0ghkrfs280nuimfbak5okb6gsu49', '185.234.219.120', 1561966877, 0x5f5f63695f6c6173745f726567656e65726174657c693a313536313936363837353b),
('tcq3l03tjmp4im963p3ncgnrck70csbi', '213.32.122.82', 1561885705, 0x5f5f63695f6c6173745f726567656e65726174657c693a313536313838353730343b),
('fguatmihiptfc2qadouoqoi2dlnromun', '88.249.112.197', 1561841649, 0x5f5f63695f6c6173745f726567656e65726174657c693a313536313834313634393b),
('thp26ql074ifaidl45h9ms8fhif07jcd', '149.56.46.136', 1561828915, 0x5f5f63695f6c6173745f726567656e65726174657c693a313536313832383931333b),
('b1kogcprb7k4nkulubteia1r5e91ehbv', '149.56.46.136', 1561828915, 0x5f5f63695f6c6173745f726567656e65726174657c693a313536313832383931333b),
('j2vua3ba92u19kcml89mb5ns01jfgsbo', '71.6.165.200', 1561777776, 0x5f5f63695f6c6173745f726567656e65726174657c693a313536313737373737353b),
('a097v4epv7jj6djcddffkh2a175q5oe4', '128.14.134.170', 1561756526, 0x5f5f63695f6c6173745f726567656e65726174657c693a313536313735363532363b),
('aoj8cpep4nlgsj1ukhnr5l1klokuto67', '180.76.158.154', 1561752101, 0x5f5f63695f6c6173745f726567656e65726174657c693a313536313735323130313b),
('sh4k5pd9e33mrom7v4cpu10v009pbgj5', '180.76.158.154', 1561752079, 0x5f5f63695f6c6173745f726567656e65726174657c693a313536313735323037393b),
('bsrk24porntojjr6v15cnclr73n8b564', '149.56.46.136', 1561745420, 0x5f5f63695f6c6173745f726567656e65726174657c693a313536313734353431383b),
('7k85ctl3kqus2gnpb5lv3cv28s85npq0', '149.56.46.136', 1561745420, 0x5f5f63695f6c6173745f726567656e65726174657c693a313536313734353431383b),
('53q49u774sbh9f51crkags0tclt41dka', '122.228.19.80', 1561723119, 0x5f5f63695f6c6173745f726567656e65726174657c693a313536313732333131393b),
('raerlqo77dr6rh2k55606rvjgvfqd7fe', '82.81.216.105', 1561718897, 0x5f5f63695f6c6173745f726567656e65726174657c693a313536313731383839363b),
('gu687mthiio62qh0j08cv8pppfm0f7k5', '212.64.177.207', 1561707576, 0x5f5f63695f6c6173745f726567656e65726174657c693a313536313730373537363b),
('k6r3eulp7jrtofua3bsq4ovvvskkpgnu', '139.162.188.174', 1561679383, 0x5f5f63695f6c6173745f726567656e65726174657c693a313536313637393338333b),
('n91mv0b9nh8k4tvimemo688tae1s4fu8', '71.6.143.90', 1561655981, 0x5f5f63695f6c6173745f726567656e65726174657c693a313536313635353938313b),
('b9jujc7mefa1pv9tta3adk2t48jh540k', '122.228.19.79', 1561646761, 0x5f5f63695f6c6173745f726567656e65726174657c693a313536313634363736313b),
('vi7k1okdcg343tr02465p2vr15vpgciu', '128.14.209.154', 1561645938, 0x5f5f63695f6c6173745f726567656e65726174657c693a313536313634353933383b),
('b4e23gm1263on1bbvcmq26pvfi4cgep8', '198.108.66.161', 1561645367, 0x5f5f63695f6c6173745f726567656e65726174657c693a313536313634353336373b),
('riamp5kos9lo9a1fk7befadt7i5semrr', '111.231.206.11', 1561638494, 0x5f5f63695f6c6173745f726567656e65726174657c693a313536313633383439323b),
('r9qrom9ammtksn29vgl99iqud56at3j0', '94.102.49.193', 1561629352, 0x5f5f63695f6c6173745f726567656e65726174657c693a313536313632393335323b),
('u7j5kimtbmf2lp6nke4mea5hlr743vvt', '100.26.240.199', 1561629024, 0x5f5f63695f6c6173745f726567656e65726174657c693a313536313632393032333b),
('9m56hidia0flh1d2ss94r42kcqkgu075', '207.154.217.26', 1561579045, 0x5f5f63695f6c6173745f726567656e65726174657c693a313536313537393034353b),
('maujapg238tolitq2vb059i06kjsvlt7', '71.6.147.254', 1561572662, 0x5f5f63695f6c6173745f726567656e65726174657c693a313536313537323636323b),
('ainf7g90p06smh704215k3qeqdqbiiac', '185.234.219.124', 1561561500, 0x5f5f63695f6c6173745f726567656e65726174657c693a313536313536313530303b),
('369gilanis9j2heml412v92dvcdt9v0a', '111.231.110.8', 1561559638, 0x5f5f63695f6c6173745f726567656e65726174657c693a313536313535393633363b),
('d9mes2ta4io7s8gu70t09s41omcgrmk7', '198.108.66.80', 1561537769, 0x5f5f63695f6c6173745f726567656e65726174657c693a313536313533373736393b),
('vhlnsqm86haqs74vkjoj8targsdclvig', '40.68.214.156', 1561511110, 0x5f5f63695f6c6173745f726567656e65726174657c693a313536313531313131303b),
('spsam1psrrg7ktupiejcrc5suijv8l3i', '198.108.66.240', 1561481108, 0x5f5f63695f6c6173745f726567656e65726174657c693a313536313438313130383b),
('v3vldm6m8oebsu7gihlorcfbqvq45ubb', '13.66.159.72', 1561480269, 0x5f5f63695f6c6173745f726567656e65726174657c693a313536313438303236393b),
('sasejnkf62900mqig0cvt7r66ct6t4gh', '218.4.90.211', 1561477969, 0x5f5f63695f6c6173745f726567656e65726174657c693a313536313437373936393b),
('gcc99elfgbp8ntoo10ge790vdm1u27uu', '218.4.90.211', 1561477948, 0x5f5f63695f6c6173745f726567656e65726174657c693a313536313437373934383b),
('jsssgu4ic6paaq8aicu2euc4483uacke', '218.4.90.211', 1561477910, 0x5f5f63695f6c6173745f726567656e65726174657c693a313536313437373931303b),
('87nul64jkcrka8ouak8010nidr2m8m9t', '218.4.90.211', 1561477864, 0x5f5f63695f6c6173745f726567656e65726174657c693a313536313437373836343b),
('s4cfe2hlp35457k11oah3ti0uqrh12jq', '218.4.90.211', 1561477841, 0x5f5f63695f6c6173745f726567656e65726174657c693a313536313437373834313b),
('vkf8nea1dft5e5sbmouac17lm38po5rh', '71.6.143.90', 1561466688, 0x5f5f63695f6c6173745f726567656e65726174657c693a313536313436363638383b),
('88bt0g8a2ta4uk9t2dckr94bvlgik50s', '60.195.249.207', 1561465984, 0x5f5f63695f6c6173745f726567656e65726174657c693a313536313436353938343b),
('ckvnk1fqqpfc3gtbi70p1i4iecfhgp67', '60.195.249.207', 1561465982, 0x5f5f63695f6c6173745f726567656e65726174657c693a313536313436353938323b),
('bpm20ump7uafgsclaikdlnc94qmqq774', '60.195.249.207', 1561465979, 0x5f5f63695f6c6173745f726567656e65726174657c693a313536313436353937393b),
('35vcs2nv53nh8c6ks1p4ph29spffscd8', '60.195.249.207', 1561465975, 0x5f5f63695f6c6173745f726567656e65726174657c693a313536313436353937353b),
('h0k5poo6fctd0d3jnelnnh8urpdulgr6', '107.6.183.226', 1561454352, 0x5f5f63695f6c6173745f726567656e65726174657c693a313536313435343335303b),
('pg65if25kg0ek34vqlmhrrka2hp34jll', '107.6.183.226', 1561454352, 0x5f5f63695f6c6173745f726567656e65726174657c693a313536313435343335303b),
('b8fgb3e2ql0ndpgjcpnkmtqtb2st857d', '198.108.66.80', 1561432792, 0x5f5f63695f6c6173745f726567656e65726174657c693a313536313433323739323b),
('c6bpcj71nbb5lbc4b1aeevmm0n1kge7r', '71.6.158.166', 1561431190, 0x5f5f63695f6c6173745f726567656e65726174657c693a313536313433313139303b),
('tfsfh74om8qfmnsrrkg9mbgqegnu5ner', '34.192.252.40', 1561423669, 0x5f5f63695f6c6173745f726567656e65726174657c693a313536313432333636393b),
('ns6lt0kjse4dj01loc7atqbp6bqtv3t9', '185.142.236.35', 1561419543, 0x5f5f63695f6c6173745f726567656e65726174657c693a313536313431393534323b),
('mhq52595161e7l4m49era2i3f342beu3', '13.80.25.88', 1561394350, 0x5f5f63695f6c6173745f726567656e65726174657c693a313536313339343335303b),
('de4c0v1nb8so53s6usuj1slbv53j3189', '13.80.25.88', 1561394194, 0x5f5f63695f6c6173745f726567656e65726174657c693a313536313339343139343b),
('dcef7a8npfbmqpggdvqhd1f7415hloio', '51.254.59.113', 1561363686, 0x5f5f63695f6c6173745f726567656e65726174657c693a313536313336333638363b),
('658tn58vb49cepp7usl3b7ca3q2773ab', '213.32.122.82', 1561355006, 0x5f5f63695f6c6173745f726567656e65726174657c693a313536313335353030343b),
('v60piju3jjoijbhn4lo2bki2b345729e', '95.110.171.176', 1561306747, 0x5f5f63695f6c6173745f726567656e65726174657c693a313536313330363734373b),
('m5uovk5k901bicm7738qhhntaqfodp8o', '95.110.171.176', 1561306640, 0x5f5f63695f6c6173745f726567656e65726174657c693a313536313330363633383b),
('fe168cdoe597m8o7u7mo5u641eroh3el', '95.110.171.176', 1561306641, 0x5f5f63695f6c6173745f726567656e65726174657c693a313536313330363633383b),
('lt8bgu4qrr3t3u578pu009gchqvdnepe', '54.173.40.26', 1561243302, 0x5f5f63695f6c6173745f726567656e65726174657c693a313536313234333330323b),
('qo054u97sm517e51i10bdh5o1hlc3e2c', '197.39.85.184', 1561227244, 0x5f5f63695f6c6173745f726567656e65726174657c693a313536313232373234323b),
('1oosv5ic762ltgl1oa3cii8p6josel4q', '134.119.176.57', 1561184895, 0x5f5f63695f6c6173745f726567656e65726174657c693a313536313138343839333b),
('3e1qvfa9llps8eho9ag9kjedjpv7oo2e', '91.191.223.185', 1561160522, 0x5f5f63695f6c6173745f726567656e65726174657c693a313536313136303532323b),
('ufpadd25q0qshgld2ek929qv5bb241tf', '3.89.31.186', 1561159072, 0x5f5f63695f6c6173745f726567656e65726174657c693a313536313135393037323b),
('8ka199cqtn8ggqspf94pkpru6lmhp6sf', '71.6.147.254', 1561130617, 0x5f5f63695f6c6173745f726567656e65726174657c693a313536313133303631373b),
('q91vca23m5ov3oc99pi0l59kdq4ptrls', '106.75.85.117', 1561128475, 0x5f5f63695f6c6173745f726567656e65726174657c693a313536313132383437353b),
('kj9696gpsgj0frfh4gt0o3rhsbe72tke', '54.185.185.244', 1561120314, 0x5f5f63695f6c6173745f726567656e65726174657c693a313536313132303331343b),
('isc90vg96ammscg7psiclda2kh1sua3b', '122.228.19.79', 1561113555, 0x5f5f63695f6c6173745f726567656e65726174657c693a313536313131333535353b),
('flr2resd4oa962r919uitlfjakgrfpp8', '35.244.34.219', 1561075743, 0x5f5f63695f6c6173745f726567656e65726174657c693a313536313037353734333b),
('ubd08a26l9q202mqe479d7ecj5miat7t', '35.244.34.219', 1561075674, 0x5f5f63695f6c6173745f726567656e65726174657c693a313536313037353637323b),
('10f59lfeqp2q7hdbk49gtio2aesvheo4', '35.244.34.219', 1561075674, 0x5f5f63695f6c6173745f726567656e65726174657c693a313536313037353637323b),
('b42eo7sgqe7cdhg2b7p20qr5pn9c50f6', '69.175.97.170', 1561068698, 0x5f5f63695f6c6173745f726567656e65726174657c693a313536313036383639383b),
('8f665c4b907gd00hb822l2q999bves9o', '82.221.105.6', 1561057541, 0x5f5f63695f6c6173745f726567656e65726174657c693a313536313035373534313b),
('j3ekbfj7q0al93nbkhk9up762dcm8m3b', '106.12.150.36', 1561015783, 0x5f5f63695f6c6173745f726567656e65726174657c693a313536313031353738313b),
('nc9m09bl347mmrc68gm8ubkh55irbe70', '138.197.109.108', 1560978309, 0x5f5f63695f6c6173745f726567656e65726174657c693a313536303937383330393b),
('uc5v5ga28su12mubeemtmqd2bt7t9oij', '138.197.109.108', 1560978306, 0x5f5f63695f6c6173745f726567656e65726174657c693a313536303937383330353b),
('lb36fphr2meks418dd3umn7hoq4h811s', '138.197.109.108', 1560978057, 0x5f5f63695f6c6173745f726567656e65726174657c693a313536303937383035353b),
('592h4h9jnvemvkaj09ijnolo7si8h07u', '138.197.109.108', 1560978057, 0x5f5f63695f6c6173745f726567656e65726174657c693a313536303937383035353b),
('uabd4ei9h265ld2d1t82i3rs35v5uhnt', '150.109.43.39', 1560925089, 0x5f5f63695f6c6173745f726567656e65726174657c693a313536303932353038393b),
('q832njmh8lack1ckfk8po4ug1ilnpio0', '150.109.43.39', 1560925087, 0x5f5f63695f6c6173745f726567656e65726174657c693a313536303932353038373b),
('1cniap7j8aamn9rs2a9nmfk67e03g67c', '150.109.43.39', 1560925085, 0x5f5f63695f6c6173745f726567656e65726174657c693a313536303932353038353b),
('otqu154o4n0gl7m13pjum9g7qed0plbq', '150.109.43.39', 1560925083, 0x5f5f63695f6c6173745f726567656e65726174657c693a313536303932353038333b),
('00mpkmd60v4q4a0i9eqhbssm1gqooqb9', '66.249.69.27', 1560910107, 0x5f5f63695f6c6173745f726567656e65726174657c693a313536303931303130353b),
('p6857kaqkfbmm52o1529nrc42ik05qe1', '198.108.67.16', 1560881964, 0x5f5f63695f6c6173745f726567656e65726174657c693a313536303838313936343b),
('us1ag5mjt8bjtk25pociiqqp20963u91', '198.108.66.192', 1560877264, 0x5f5f63695f6c6173745f726567656e65726174657c693a313536303837373236343b),
('n7njvmd148d0k40t5sna35vqi4sqngb6', '71.6.143.90', 1560869776, 0x5f5f63695f6c6173745f726567656e65726174657c693a313536303836393737363b),
('igic8tqml46htjc1obftt36dcqd0junn', '100.26.137.15', 1560848063, 0x5f5f63695f6c6173745f726567656e65726174657c693a313536303834383036333b),
('nc685g00pnt6mqfttbfjrqutge7nu2gt', '51.254.59.113', 1560839197, 0x5f5f63695f6c6173745f726567656e65726174657c693a313536303833393139373b),
('8inc9e72kdp0e7dhukahvra9ihb4c88a', '93.174.93.140', 1560814551, 0x5f5f63695f6c6173745f726567656e65726174657c693a313536303831343535313b),
('0pfimfr6u2sft1i091oq33t8vc505rl3', '71.6.199.23', 1560805097, 0x5f5f63695f6c6173745f726567656e65726174657c693a313536303830353039373b),
('t8ut0asv4ls67486v5lb93ks1kv9aab2', '121.67.47.146', 1560802665, 0x5f5f63695f6c6173745f726567656e65726174657c693a313536303830323636353b),
('eoaebbhfdutraahjc159itoc9h3rft75', '106.75.85.103', 1560800868, 0x5f5f63695f6c6173745f726567656e65726174657c693a313536303830303836363b),
('1ee5v9qleugdo0slui9j4rj2omec6ef8', '106.75.85.103', 1560800868, 0x5f5f63695f6c6173745f726567656e65726174657c693a313536303830303836363b),
('nctpjrdegd90pqik1qs2acg1d6csfqe6', '54.208.43.142', 1560759199, 0x5f5f63695f6c6173745f726567656e65726174657c693a313536303735393139393b),
('gtnsk8dp81id4vgqlj0dk2jb5jdc3sm6', '54.208.43.142', 1560758545, 0x5f5f63695f6c6173745f726567656e65726174657c693a313536303735383534353b),
('mkjocbs725mso3ut6o2mvct05g2hje0l', '213.32.122.82', 1560746407, 0x5f5f63695f6c6173745f726567656e65726174657c693a313536303734363430353b),
('l2l7nahjh98m0aigbes4v6t145e8kmia', '184.154.189.90', 1560562983, 0x5f5f63695f6c6173745f726567656e65726174657c693a313536303536323938333b),
('3jqsr0bfnmnmmdk2jgb25pu9k9i3p6e6', '43.249.192.59', 1560546102, 0x5f5f63695f6c6173745f726567656e65726174657c693a313536303534363130323b),
('g9q4c44otvbna4d4v0pu7ln7hulafjcs', '34.205.31.30', 1560520602, 0x5f5f63695f6c6173745f726567656e65726174657c693a313536303532303630303b),
('61ctgrce2gf3p69hgrgi48ij0k966m9m', '71.6.143.90', 1560507956, 0x5f5f63695f6c6173745f726567656e65726174657c693a313536303530373935363b),
('1vgohe81co89h5l14ngipl0mgq3c2nus', '185.100.87.190', 1560497041, 0x5f5f63695f6c6173745f726567656e65726174657c693a313536303439373034313b),
('1ht9b4tb6u4frn6uk7c692veo14mv73s', '165.22.1.58', 1560474510, 0x5f5f63695f6c6173745f726567656e65726174657c693a313536303437343530383b),
('7tdp2qssm3qh6i672d9hqm34bmkivmov', '165.22.1.58', 1560474510, 0x5f5f63695f6c6173745f726567656e65726174657c693a313536303437343530383b),
('lg2h5lh5s60fcq82ug7sca8h4at0coth', '198.108.66.192', 1560307831, 0x5f5f63695f6c6173745f726567656e65726174657c693a313536303330373833313b),
('t1demmu5pflsaal9c2ns6itbhgpit8ll', '66.249.64.11', 1560292335, 0x5f5f63695f6c6173745f726567656e65726174657c693a313536303239323333343b),
('srvh4oe55h42b8ro7fho20ucv2atcg5m', '198.108.66.224', 1560289426, 0x5f5f63695f6c6173745f726567656e65726174657c693a313536303238393432363b),
('k8pg6m4gu0aq8fdu0be2i0m7ii8sifef', '70.42.131.189', 1560260859, 0x5f5f63695f6c6173745f726567656e65726174657c693a313536303236303835393b),
('1ckiul1o5akl66qg7i6dhdufrb2gre35', '137.154.160.90', 1560260868, 0x5f5f63695f6c6173745f726567656e65726174657c693a313536303236303835323b),
('1e9do2tanoh6hegs2e0d4e4iqghd0mgr', '71.6.143.90', 1560258622, 0x5f5f63695f6c6173745f726567656e65726174657c693a313536303235383632323b),
('dvqfk2ser6i8sg6betsc4sink90mopr2', '66.249.64.7', 1560252678, 0x5f5f63695f6c6173745f726567656e65726174657c693a313536303235323637383b),
('84qrh7ajsgrd410ek0joctehtunabagi', '116.171.0.100', 1560237772, 0x5f5f63695f6c6173745f726567656e65726174657c693a313536303233373737323b),
('5hj57omcr493os3u40ou2f8fm8unv453', '116.171.0.100', 1560237706, 0x5f5f63695f6c6173745f726567656e65726174657c693a313536303233373730343b),
('ovqevmlripgtns6nh68ajsbrmqr0cf00', '116.171.0.100', 1560237706, 0x5f5f63695f6c6173745f726567656e65726174657c693a313536303233373730343b),
('u70g3b0mg66j2u4faagsv8ha3lcp3an4', '123.200.181.235', 1560176196, 0x5f5f63695f6c6173745f726567656e65726174657c693a313536303137363139363b),
('a36fldoij41c8tjhds1n8hf6s9720tmo', '123.200.181.235', 1560175039, 0x5f5f63695f6c6173745f726567656e65726174657c693a313536303137353033373b),
('7fb314bsu3jocn4e2fvafoegd3gpc8nh', '66.249.66.74', 1560107572, 0x5f5f63695f6c6173745f726567656e65726174657c693a313536303130373537323b),
('v4mmg31ko9n23qt0ittbl3ackqnl8o05', '42.56.90.236', 1560097105, 0x5f5f63695f6c6173745f726567656e65726174657c693a313536303039373130353b),
('spkd1base4ui5a5kid8qtutt63nf8a7n', '185.100.87.249', 1560087572, 0x5f5f63695f6c6173745f726567656e65726174657c693a313536303038373537323b),
('4nsnpnnaht6jl8rdmbg3qn87b7vbs2i0', '54.36.148.212', 1560042411, 0x5f5f63695f6c6173745f726567656e65726174657c693a313536303034323430393b),
('ao85ujbatkq530hinh8r68dln9sl4al7', '54.210.226.9', 1559971201, 0x5f5f63695f6c6173745f726567656e65726174657c693a313535393937313230313b),
('fh7ed8hr3uainm24k44gkh48d851f4q0', '60.195.249.115', 1559962134, 0x5f5f63695f6c6173745f726567656e65726174657c693a313535393936323133343b),
('tst61gekp4f0idt74p0q7io3q5gdf36r', '60.195.249.115', 1559962132, 0x5f5f63695f6c6173745f726567656e65726174657c693a313535393936323133323b),
('hajquo1864e17tdlc1hprge05475348v', '60.195.249.115', 1559962123, 0x5f5f63695f6c6173745f726567656e65726174657c693a313535393936323132333b),
('9g0qvjb0h4g15j7tjp0i60e5jguo009m', '185.17.152.98', 1559953902, 0x5f5f63695f6c6173745f726567656e65726174657c693a313535393935333930303b),
('9fu5uir61eqiatf2furpgj6921no10c8', '185.17.152.98', 1559953902, 0x5f5f63695f6c6173745f726567656e65726174657c693a313535393935333930303b),
('ced77eui01qfp05p8aen0o6ggl8ffl97', '185.17.152.98', 1559953901, 0x5f5f63695f6c6173745f726567656e65726174657c693a313535393935333839393b),
('au47c1do732tfnm48nf97ankjrgcsbf7', '106.12.130.17', 1559909210, 0x5f5f63695f6c6173745f726567656e65726174657c693a313535393930393231303b),
('m2uqg0sbhhvni4n4ikubdonkroaldkvk', '193.0.207.169', 1559897748, 0x5f5f63695f6c6173745f726567656e65726174657c693a313535393839373734383b),
('7l0ddvsh8poe92r1jl3fd8v61k3rnvkg', '203.150.103.91', 1559879284, 0x5f5f63695f6c6173745f726567656e65726174657c693a313535393837393238343b),
('ttuq0sbplcpom8r8easvfffp3kqk11ml', '51.38.12.13', 1559863219, 0x5f5f63695f6c6173745f726567656e65726174657c693a313535393836333231373b),
('b5s968f43or2l1c47k2fgvm47if17b1d', '71.6.143.90', 1559849024, 0x5f5f63695f6c6173745f726567656e65726174657c693a313535393834393032343b),
('6rvt5vt7kdfg7p86omqmhmlscc7ef4e1', '51.38.12.21', 1559807170, 0x5f5f63695f6c6173745f726567656e65726174657c693a313535393830373136383b),
('hsq8v1knm59n572s0rniibhsbnockn2g', '18.144.35.11', 1559708953, 0x5f5f63695f6c6173745f726567656e65726174657c693a313535393730383935333b),
('44hvqahh32les9kjbu5n0c985863ro2n', '195.142.115.111', 1559699529, 0x5f5f63695f6c6173745f726567656e65726174657c693a313535393639393532393b),
('933ugh95g4007tjoagk4ctto4ralejm2', '195.142.115.111', 1559699448, 0x5f5f63695f6c6173745f726567656e65726174657c693a313535393639393434363b),
('epffnbrjnondmceb4481dritlniab4f4', '195.142.115.111', 1559699448, 0x5f5f63695f6c6173745f726567656e65726174657c693a313535393639393434363b),
('vemgceovifgjef8ouheskj1eqgevof5h', '198.108.66.208', 1559666106, 0x5f5f63695f6c6173745f726567656e65726174657c693a313535393636363130363b),
('mbu4dri2p2evg8c7tn8nhenis8of5kie', '198.108.66.80', 1559665074, 0x5f5f63695f6c6173745f726567656e65726174657c693a313535393636353037343b),
('ne2d41tmbm78v7qh64soccpv1icfsd1n', '198.108.66.80', 1559665075, 0x5f5f63695f6c6173745f726567656e65726174657c693a313535393636353037343b),
('hojcgs3n5lcmaoqrnonmfr0p29qjqn00', '71.6.143.90', 1559617596, 0x5f5f63695f6c6173745f726567656e65726174657c693a313535393631373539363b),
('q7r5s64ma8r89no1r1f23hca2nmt1r5p', '107.191.43.78', 1559611545, 0x5f5f63695f6c6173745f726567656e65726174657c693a313535393631313534353b),
('nnr3n5vcaeh2gil08qnim6u7sn9uq4rp', '107.191.43.78', 1559611389, 0x5f5f63695f6c6173745f726567656e65726174657c693a313535393631313338393b),
('g6lcmfh0vlag2tiqokolmmo4vfsbb1j0', '165.22.84.104', 1559590472, 0x5f5f63695f6c6173745f726567656e65726174657c693a313535393539303437303b),
('tg22qte077vb36v049j012kigcv23eb4', '66.249.71.104', 1559567989, 0x5f5f63695f6c6173745f726567656e65726174657c693a313535393536373938393b),
('d6kueoru3bm2cngkjrcg4foiomv7ule1', '122.228.19.80', 1559567203, 0x5f5f63695f6c6173745f726567656e65726174657c693a313535393536373230333b),
('l1886hkbr693qgc597rm9a72oagv0nbc', '134.209.249.211', 1559520010, 0x5f5f63695f6c6173745f726567656e65726174657c693a313535393532303031303b),
('ndvd3gfde502j65nkccmvgu9635hvbc5', '134.209.249.211', 1559519631, 0x5f5f63695f6c6173745f726567656e65726174657c693a313535393531393633313b),
('av3h5o1hpe6mus3lerr40opid2p8ufc7', '54.36.148.38', 1559513713, 0x5f5f63695f6c6173745f726567656e65726174657c693a313535393531333731333b),
('kplgor27rpo40mc54d5fr48dkd5i3m50', '66.249.69.144', 1559488249, 0x5f5f63695f6c6173745f726567656e65726174657c693a313535393438383234373b),
('7skcgrd0ie6coj2as90voilr3l5mfbj1', '23.100.76.20', 1559431773, 0x5f5f63695f6c6173745f726567656e65726174657c693a313535393433313737333b),
('tsn1vnj7kantaplqb878def3fsgj56vc', '23.100.76.20', 1559431238, 0x5f5f63695f6c6173745f726567656e65726174657c693a313535393433313233363b),
('fuv0eidd0l2ktvlunhm3u9tr5e6eioqe', '23.100.76.20', 1559431238, 0x5f5f63695f6c6173745f726567656e65726174657c693a313535393433313233363b),
('ml58mpe4kh05k8sa7qmlod9v6cudmfiv', '124.133.28.82', 1559370649, 0x5f5f63695f6c6173745f726567656e65726174657c693a313535393337303634393b),
('2g22054gd57hrt5pg6q9b3hcge9sgac4', '124.133.28.82', 1559370633, 0x5f5f63695f6c6173745f726567656e65726174657c693a313535393337303633313b),
('nd5ko9akg0u095457tdd62b57un83f2q', '71.6.143.90', 1559253881, 0x5f5f63695f6c6173745f726567656e65726174657c693a313535393235333837383b),
('rnq5bgum1p28hurtrc625vld3ovm2nhr', '71.6.143.90', 1559253880, 0x5f5f63695f6c6173745f726567656e65726174657c693a313535393235333837383b),
('d4pmc1malm6lrbhuruob7ldhicq1gpmq', '185.185.41.19', 1559195820, 0x5f5f63695f6c6173745f726567656e65726174657c693a313535393139353832303b),
('id52bv3co5vtf5iegcf8n6iibtsc0fnp', '163.172.90.68', 1559181475, 0x5f5f63695f6c6173745f726567656e65726174657c693a313535393138313437353b),
('agum1lee336gjbc4phsij87lha8eromp', '107.6.183.226', 1559163364, 0x5f5f63695f6c6173745f726567656e65726174657c693a313535393136333336343b),
('423dmavv2apker1cmsvp01ohqnvdcnp3', '124.133.28.82', 1559147913, 0x5f5f63695f6c6173745f726567656e65726174657c693a313535393134373931333b),
('ol0phia370in2q19pefkdm9s614croro', '51.38.12.21', 1559134199, 0x5f5f63695f6c6173745f726567656e65726174657c693a313535393133343139393b),
('fp47uklae6vbtueub748n7o5uq0ilchq', '18.144.54.157', 1559110756, 0x5f5f63695f6c6173745f726567656e65726174657c693a313535393131303735363b),
('m7mdn8orvff29uj02iodr38hbvcejbn1', '23.100.76.20', 1559109384, 0x5f5f63695f6c6173745f726567656e65726174657c693a313535393130393338343b),
('pe0megivvb1vng8mb7oam78qmikm7h3h', '23.100.76.20', 1559109203, 0x5f5f63695f6c6173745f726567656e65726174657c693a313535393130393230313b),
('rm0b5jd7ps244n286uc4auj35p50else', '23.100.76.20', 1559109203, 0x5f5f63695f6c6173745f726567656e65726174657c693a313535393130393230313b),
('26tu6s3fkip51ies3kc5mpeeicsejht0', '142.176.186.78', 1559074946, 0x5f5f63695f6c6173745f726567656e65726174657c693a313535393037343934363b),
('441qrikkkmiaguqq3ctr0bhkb3hl9ejg', '198.20.99.130', 1559056259, 0x5f5f63695f6c6173745f726567656e65726174657c693a313535393035363235383b),
('n5lpvm5rdjon6581utp6279ch1b1hp2q', '198.108.66.96', 1559017042, 0x5f5f63695f6c6173745f726567656e65726174657c693a313535393031373034323b),
('viv61kpodpe8p59gkh3auv5pjo9p0c1o', '198.108.66.48', 1559015530, 0x5f5f63695f6c6173745f726567656e65726174657c693a313535393031353532383b),
('nh46ce2ld8nqnq7rk6l6um3tl3ugp7ma', '198.108.66.48', 1559015531, 0x5f5f63695f6c6173745f726567656e65726174657c693a313535393031353532383b),
('hcuek6bj5iig9p286cus2d2b7jscqm9l', '66.249.66.72', 1559009201, 0x5f5f63695f6c6173745f726567656e65726174657c693a313535393030393230313b),
('qechi8pmit9l243g03hfm6rspeq3ob2i', '178.128.164.69', 1559000416, 0x5f5f63695f6c6173745f726567656e65726174657c693a313535393030303431363b),
('06c0vn7a6m2nh844mtl76p9fbr9bu3n1', '128.14.209.234', 1558992264, 0x5f5f63695f6c6173745f726567656e65726174657c693a313535383939323236343b),
('pd0os2bghap3cnrifutokdr3419i5amb', '128.14.209.226', 1558987665, 0x5f5f63695f6c6173745f726567656e65726174657c693a313535383938373636343b),
('t1rkf7nol538iem0uuijgt12r66v01c6', '71.6.143.90', 1558976929, 0x5f5f63695f6c6173745f726567656e65726174657c693a313535383937363932393b),
('4mer9t2n51t416gj6fu1bi6hgveeh1of', '66.249.79.184', 1558959106, 0x5f5f63695f6c6173745f726567656e65726174657c693a313535383935393130343b),
('ro14p85sfea0lkncaovd3s26fnrtsbmb', '66.249.64.9', 1558876397, 0x5f5f63695f6c6173745f726567656e65726174657c693a313535383837363339373b),
('cjlk7ae1rv7q2nbbd0ff8mc2rln34n7v', '207.154.217.26', 1558855819, 0x5f5f63695f6c6173745f726567656e65726174657c693a313535383835353831393b),
('3mjgm6io4pv6ijrfrum4jrlfqs5ihb6i', '52.175.72.125', 1558847279, 0x5f5f63695f6c6173745f726567656e65726174657c693a313535383834373237393b),
('8kpp4v8vi827bi2ed8fla16jgb6hkbhn', '52.175.72.125', 1558847178, 0x5f5f63695f6c6173745f726567656e65726174657c693a313535383834373137363b),
('qe2ku6ocp5hro7tlckahbsvit71kaiag', '52.175.72.125', 1558847178, 0x5f5f63695f6c6173745f726567656e65726174657c693a313535383834373137363b),
('uh3vitajm7c643pj9u5n6gber67ibjbe', '207.154.216.244', 1558798628, 0x5f5f63695f6c6173745f726567656e65726174657c693a313535383739383632353b),
('p5eob1ijng41gar1bi3oig3b5gttv4km', '106.12.106.204', 1558760043, 0x5f5f63695f6c6173745f726567656e65726174657c693a313535383736303034333b),
('q45uo918u3mnvk10ff21q5muov26vo3l', '106.12.106.204', 1558759650, 0x5f5f63695f6c6173745f726567656e65726174657c693a313535383735393635303b),
('bg1tp0q820g2rh6drarhab63s3qvvuqr', '180.101.204.188', 1558759435, 0x5f5f63695f6c6173745f726567656e65726174657c693a313535383735393433353b),
('pptn82h3pjalbingj5akrbbson2avd0l', '18.207.173.105', 1558751223, 0x5f5f63695f6c6173745f726567656e65726174657c693a313535383735313232333b),
('7ico66qhkfa1j30oimc200l9i7dltcm7', '173.193.174.98', 1558732404, 0x5f5f63695f6c6173745f726567656e65726174657c693a313535383733323430313b),
('67neieh827toep2e77eet7d2rsmr3ulr', '128.14.209.234', 1558716112, 0x5f5f63695f6c6173745f726567656e65726174657c693a313535383731363131323b),
('kkicn8k7r9ck6dp8mo34ol3bls3qvepa', '128.14.209.234', 1558715815, 0x5f5f63695f6c6173745f726567656e65726174657c693a313535383731353831353b),
('4o8ifnbi6kenrlqqfm6duev0o40g97q3', '128.14.209.234', 1558715815, 0x5f5f63695f6c6173745f726567656e65726174657c693a313535383731353831353b),
('risq5kv6j4svnhh8ts190mik5crcukr6', '107.6.183.162', 1558663053, 0x5f5f63695f6c6173745f726567656e65726174657c693a313535383636333035333b),
('1a7mqv6ms7j4p4n7kt2i2h8rtge34jes', '66.240.236.119', 1558663016, 0x5f5f63695f6c6173745f726567656e65726174657c693a313535383636333031363b),
('recg4nb8f1i4qa0rug8gjk4uispjvidp', '51.38.12.21', 1558645438, 0x5f5f63695f6c6173745f726567656e65726174657c693a313535383634353433383b),
('mjtdglk453iur76m481m4tgtpvr0cp88', '71.6.143.90', 1558643708, 0x5f5f63695f6c6173745f726567656e65726174657c693a313535383634333730363b),
('vv235k7k9ohn6h9n479vh0kbqoao2son', '71.6.143.90', 1558643707, 0x5f5f63695f6c6173745f726567656e65726174657c693a313535383634333730353b),
('v72q0qj9lv07bjlq3rgm04saqkvrbjgq', '34.73.121.34', 1558634618, 0x5f5f63695f6c6173745f726567656e65726174657c693a313535383633343631383b),
('e9l0fup3rahuhvhpseapesec09l02e9n', '34.73.121.34', 1558634616, 0x5f5f63695f6c6173745f726567656e65726174657c693a313535383633343631363b),
('069piieu9bipqnashpkv18u96eefl0j4', '34.73.121.34', 1558634614, 0x5f5f63695f6c6173745f726567656e65726174657c693a313535383633343631343b),
('ajrev318fgjbsvjlk7ct32p4eqbl8aj8', '34.73.121.34', 1558634612, 0x5f5f63695f6c6173745f726567656e65726174657c693a313535383633343631323b),
('o4aioc16prmroeeassop4sv9ddggnko0', '107.191.52.93', 1558625980, 0x5f5f63695f6c6173745f726567656e65726174657c693a313535383632353938303b),
('2fauvhlangj6efgvfcs1s042l9u4o6on', '54.237.205.46', 1558599185, 0x5f5f63695f6c6173745f726567656e65726174657c693a313535383539393138353b),
('2rfhnog3q8gn30rmdg6lah4jaiu7cutf', '128.14.209.178', 1558548153, 0x5f5f63695f6c6173745f726567656e65726174657c693a313535383534383135333b),
('0kp0co9sjejgp6q0vsh0qp6fllphcnt4', '128.14.209.226', 1558546438, 0x5f5f63695f6c6173745f726567656e65726174657c693a313535383534363433363b),
('4sc7ambmihigen918ts2j7mfnu9oce66', '128.14.209.226', 1558546438, 0x5f5f63695f6c6173745f726567656e65726174657c693a313535383534363433363b),
('k6bbrvk2hkqa30p0a52rq239akv1l973', '94.102.49.193', 1558483186, 0x5f5f63695f6c6173745f726567656e65726174657c693a313535383438333138363b),
('0jepr33o7r5n02s0u1otnvf7rvpg7cgo', '198.108.66.144', 1558481131, 0x5f5f63695f6c6173745f726567656e65726174657c693a313535383438313133313b),
('lij3h8q381plo7ga6dmishtqvscajqf8', '71.6.143.90', 1558454492, 0x5f5f63695f6c6173745f726567656e65726174657c693a313535383435343439303b),
('km25gti3mihmt1fckcov4mj8v74973ma', '71.6.143.90', 1558454492, 0x5f5f63695f6c6173745f726567656e65726174657c693a313535383435343439303b),
('bvnb21dbplq7sop8itsiivqacd5a0ekv', '128.14.209.178', 1558448605, 0x5f5f63695f6c6173745f726567656e65726174657c693a313535383434383630353b),
('3qqdvm8hns7fbd6b5o9hopuv0lslpko3', '51.38.12.13', 1558447656, 0x5f5f63695f6c6173745f726567656e65726174657c693a313535383434373635363b),
('qgubslaacvfnheo5gilppu2a16v7842u', '128.14.209.250', 1558442093, 0x5f5f63695f6c6173745f726567656e65726174657c693a313535383434323039333b),
('3037blful1ueupqm9uhv1g05cqm66c5g', '222.180.162.24', 1558439797, 0x5f5f63695f6c6173745f726567656e65726174657c693a313535383433393739373b),
('nkrfjb43l93vubhl80ube3g9peiir8lo', '100.25.134.1', 1558432960, 0x5f5f63695f6c6173745f726567656e65726174657c693a313535383433323935393b),
('7a1mh53aq0nruq4qtih5kirrvfd8mkkd', '106.12.115.79', 1558393734, 0x5f5f63695f6c6173745f726567656e65726174657c693a313535383339333733343b),
('q113a89csldmo340j85ta53cqnob70a4', '122.228.19.80', 1558390101, 0x5f5f63695f6c6173745f726567656e65726174657c693a313535383339303130313b),
('ghb6ahjf63m8425eja5pfo5dgmhg7rhh', '198.108.66.176', 1558382247, 0x5f5f63695f6c6173745f726567656e65726174657c693a313535383338323234353b),
('d027lvrlfrcs26iv0teqk08qa7cdl2nl', '198.108.66.176', 1558382247, 0x5f5f63695f6c6173745f726567656e65726174657c693a313535383338323234353b),
('g230cjfs1kibdhik1kt4uvhov6l4j9f7', '148.163.128.145', 1558331850, 0x5f5f63695f6c6173745f726567656e65726174657c693a313535383333313835303b),
('ifvvjdruphprv5n3o2k9469h1bng1nf7', '46.105.127.166', 1558309396, 0x5f5f63695f6c6173745f726567656e65726174657c693a313535383330393339303b),
('oo272ikberdd7h7eg38nbarbg1c8lrbl', '46.105.127.166', 1558309366, 0x5f5f63695f6c6173745f726567656e65726174657c693a313535383330393336323b),
('0s28tuhrmegthpc3bgkeeh0jkr74l6hl', '119.3.217.182', 1558306141, 0x5f5f63695f6c6173745f726567656e65726174657c693a313535383330363133393b),
('g7k26qe29nh4ds23a5725t4kq9jfsi2m', '119.3.217.182', 1558306142, 0x5f5f63695f6c6173745f726567656e65726174657c693a313535383330363134303b),
('mtj28nd29obr9c02uejvf6b9dj0ueb1i', '125.64.94.211', 1558262167, 0x5f5f63695f6c6173745f726567656e65726174657c693a313535383236323136373b),
('dnjjs6ok8fivp3kmfqehjjlublqpmk6d', '185.53.88.184', 1558258968, 0x5f5f63695f6c6173745f726567656e65726174657c693a313535383235383936373b),
('8fnsesucbtj5vo7b6au29cqlg5nme963', '71.6.147.254', 1558196978, 0x5f5f63695f6c6173745f726567656e65726174657c693a313535383139363937383b),
('f4lr6p260rea5mtjg9so0600bpe3edji', '188.166.108.36', 1558175503, 0x5f5f63695f6c6173745f726567656e65726174657c693a313535383137353530303b),
('lcul5v2muac5snnhb5rq4j6g14r36i3v', '188.166.108.36', 1558175503, 0x5f5f63695f6c6173745f726567656e65726174657c693a313535383137353530303b),
('tej4a9tt3lctsrq1m7i06decd99t9i01', '71.6.158.166', 1558168082, 0x5f5f63695f6c6173745f726567656e65726174657c693a313535383136383038323b),
('a5qq8dm379nt9uns3e36c4c9u9a47k0d', '54.236.4.158', 1558157357, 0x5f5f63695f6c6173745f726567656e65726174657c693a313535383135373335373b),
('emb6l0b2rs74bmft981aic1uj78b99fa', '129.152.43.174', 1558144137, 0x5f5f63695f6c6173745f726567656e65726174657c693a313535383134343133373b),
('krid4v24cacfab8i808q5etkc6vvjirr', '129.152.43.174', 1558144135, 0x5f5f63695f6c6173745f726567656e65726174657c693a313535383134343133353b),
('sdv16squ04lg7hr4pjvmolpgnv3fg0on', '129.152.43.174', 1558144120, 0x5f5f63695f6c6173745f726567656e65726174657c693a313535383134343132303b),
('n1qn447ksur0mm3bl3rsrs9qtsfoln3u', '185.53.88.184', 1558118038, 0x5f5f63695f6c6173745f726567656e65726174657c693a313535383131383033363b),
('ob6983utdb6002hpi36ovogp89aaplm5', '71.6.143.90', 1558028927, 0x5f5f63695f6c6173745f726567656e65726174657c693a313535383032383932373b),
('i1b1r9f7879veunaf66e57di3rj3emi8', '163.172.41.42', 1558023766, 0x5f5f63695f6c6173745f726567656e65726174657c693a313535383032333736363b),
('i6pd34chse4o4ervllbtqltekenpgd3b', '198.20.87.98', 1558012348, 0x5f5f63695f6c6173745f726567656e65726174657c693a313535383031323334383b),
('5r4lv0ll87c1oo3qi0lidaut5fi74gjm', '13.233.97.24', 1557996991, 0x5f5f63695f6c6173745f726567656e65726174657c693a313535373939363938393b),
('q6sp5oqicifdslgdho0hosk3ivft6oqm', '13.233.97.24', 1557996991, 0x5f5f63695f6c6173745f726567656e65726174657c693a313535373939363938393b),
('vr33ebellh31n0ff26io0bci4iblcci4', '134.175.110.67', 1557979797, 0x5f5f63695f6c6173745f726567656e65726174657c693a313535373937393739373b),
('trbs8kaddnl0av4hdcn7fib6fau6hnms', '134.175.110.67', 1557979791, 0x5f5f63695f6c6173745f726567656e65726174657c693a313535373937393739313b),
('dh470u0p5qp7169baiv1m68rs3f9gss1', '134.175.110.67', 1557979774, 0x5f5f63695f6c6173745f726567656e65726174657c693a313535373937393737343b),
('tqk8khq4k387ipfuced9gdbgg68l6mji', '69.175.97.170', 1557979368, 0x5f5f63695f6c6173745f726567656e65726174657c693a313535373937393336383b),
('1i6gvf8egu8ffs1gcr8jku1k4mk1iat2', '115.231.96.212', 1557961048, 0x5f5f63695f6c6173745f726567656e65726174657c693a313535373936313034383b),
('17th6b92t30u0ba5dkqa2du1jjftvlhp', '201.123.191.28', 1557954660, 0x5f5f63695f6c6173745f726567656e65726174657c693a313535373935343636303b),
('s2pb4odelhehec2grudbv7upo7kh168o', '35.199.85.117', 1557940637, 0x5f5f63695f6c6173745f726567656e65726174657c693a313535373934303633373b),
('o0a2gf6kt9bgsir5gc8udbm31rtgcf8c', '184.154.47.2', 1557898402, 0x5f5f63695f6c6173745f726567656e65726174657c693a313535373839383430303b),
('o61dh3523riopaqppdvf7picuuo03u1f', '184.154.47.2', 1557898402, 0x5f5f63695f6c6173745f726567656e65726174657c693a313535373839383339393b),
('4ka2n393tipp1q885j7rpiuqm9pe4j75', '198.108.67.16', 1557853739, 0x5f5f63695f6c6173745f726567656e65726174657c693a313535373835333733393b),
('ik6d5u0ol0qjnn3apfmhgpmpknsn8654', '134.209.14.80', 1557851215, 0x5f5f63695f6c6173745f726567656e65726174657c693a313535373835313231353b),
('fteuqn966eu7ulj31sm7j2ab7mj44kao', '198.108.66.144', 1557829008, 0x5f5f63695f6c6173745f726567656e65726174657c693a313535373832393030383b),
('gtgc8q98hpsir0t3ri1l0rejh3219b1b', '123.57.235.99', 1557806725, 0x5f5f63695f6c6173745f726567656e65726174657c693a313535373830363732353b),
('8ouu0eak6hm3tgqtnl207tluclnn2e84', '71.6.143.90', 1557800261, 0x5f5f63695f6c6173745f726567656e65726174657c693a313535373830303235393b),
('hbo3ifpmm67hcu7se606fdtbr4qi3v9g', '71.6.143.90', 1557800262, 0x5f5f63695f6c6173745f726567656e65726174657c693a313535373830303235393b),
('i46kauret9l4m6kqv971n1nd5t585c9u', '60.191.38.77', 1557772071, 0x5f5f63695f6c6173745f726567656e65726174657c693a313535373737323037313b),
('kuupuo952qgn75kq5mluj71d6ohqdgn4', '60.191.38.77', 1557771483, 0x5f5f63695f6c6173745f726567656e65726174657c693a313535373737313438333b),
('fejju5sfbaregc11iv62nk0ir3bdllp9', '185.143.223.135', 1557763160, 0x5f5f63695f6c6173745f726567656e65726174657c693a313535373736333136303b),
('irlfs52od9ide9680npvd0qld1ld6tet', '128.14.209.234', 1557759462, 0x5f5f63695f6c6173745f726567656e65726174657c693a313535373735393436323b),
('9druus7kh6bkj3r20aajln5smmneuibs', '128.14.209.226', 1557749827, 0x5f5f63695f6c6173745f726567656e65726174657c693a313535373734393832373b),
('r6q3v9qcr9fd2l3ffa5b3bbv23hk6eod', '34.229.237.186', 1557734371, 0x5f5f63695f6c6173745f726567656e65726174657c693a313535373733343337303b),
('1amea6oja5829naur5h8s20bd7s6remh', '34.229.161.248', 1557733988, 0x5f5f63695f6c6173745f726567656e65726174657c693a313535373733333938363b),
('eq2451k41sh5rp489m3rihtelg2ni9th', '66.249.66.72', 1557692158, 0x5f5f63695f6c6173745f726567656e65726174657c693a313535373639323135383b),
('urc3but0hhstol3fj6vjnjma4668cho4', '45.79.96.161', 1557609530, 0x5f5f63695f6c6173745f726567656e65726174657c693a313535373630393532383b),
('c3s1kr10upig5ssidauglk30n8p60chd', '185.100.87.249', 1557580689, 0x5f5f63695f6c6173745f726567656e65726174657c693a313535373538303638393b),
('vmi219ahiop94qijq9egusp1n586eka6', '52.79.208.238', 1557574170, 0x5f5f63695f6c6173745f726567656e65726174657c693a313535373537343137303b),
('tflmj56g5crbc4h9psrheig3hkn0i6mu', '52.79.208.238', 1557573035, 0x5f5f63695f6c6173745f726567656e65726174657c693a313535373537333033353b),
('8qkfr8137jfmbe2r4j6buu7pqkckutnd', '52.79.208.238', 1557573031, 0x5f5f63695f6c6173745f726567656e65726174657c693a313535373537333033303b),
('q930ka14p1kuvhfs71scbr91tgp53chu', '45.79.96.161', 1557554895, 0x5f5f63695f6c6173745f726567656e65726174657c693a313535373535343839333b),
('tin73e5re0vrkrecmu41p88oaefdlphi', '212.73.150.79', 1557510724, 0x5f5f63695f6c6173745f726567656e65726174657c693a313535373531303732343b),
('of0adpnmkb5jsn8851t9i31fenhjraph', '212.73.150.79', 1557510722, 0x5f5f63695f6c6173745f726567656e65726174657c693a313535373531303732323b),
('41b7ktub4resivves4tjaa8q80gos3lh', '198.20.87.98', 1557502155, 0x5f5f63695f6c6173745f726567656e65726174657c693a313535373530323135343b),
('ordglgi3g8ehrdfdpn4ocummfkn9rihn', '137.74.30.68', 1557478040, 0x5f5f63695f6c6173745f726567656e65726174657c693a313535373437383034303b),
('kju9oq7fvsipipaamr3203v6qgf5e9fs', '103.5.132.12', 1557471649, 0x5f5f63695f6c6173745f726567656e65726174657c693a313535373437313634393b),
('c8qngnegqk4iq51bjeqjbo484dts9c76', '106.75.85.117', 1557458505, 0x5f5f63695f6c6173745f726567656e65726174657c693a313535373435383530353b),
('mtk3fg1qvole5c2q3oifdei36hfdjtl7', '137.74.30.57', 1557436432, 0x5f5f63695f6c6173745f726567656e65726174657c693a313535373433363433323b),
('uujpqiatte5uji8sev7ccbc6coudh4fa', '71.6.143.90', 1557428356, 0x5f5f63695f6c6173745f726567656e65726174657c693a313535373432383335363b),
('m913kk26epqid0fo64uvrmercutpk71b', '150.109.13.84', 1557426622, 0x5f5f63695f6c6173745f726567656e65726174657c693a313535373432363632303b),
('ldhngt7b7f0ovms1ug75uqa96u0einqe', '150.109.13.84', 1557426622, 0x5f5f63695f6c6173745f726567656e65726174657c693a313535373432363632303b),
('a11h2th3sr1npqetrp8kekfk4ouoohm2', '137.74.30.68', 1557394660, 0x5f5f63695f6c6173745f726567656e65726174657c693a313535373339343635393b),
('0jjohppvq5547o8vqjont4bb8m5i02tj', '149.202.167.73', 1557352083, 0x5f5f63695f6c6173745f726567656e65726174657c693a313535373335323038313b),
('7v378buhutu9a6fm6179fe028tp4uvpj', '149.202.166.227', 1557308712, 0x5f5f63695f6c6173745f726567656e65726174657c693a313535373330383731323b);
INSERT INTO `ci_sessions` (`id`, `ip_address`, `timestamp`, `data`) VALUES
('hi4masmf2aa9gc0v96mvka7psqp7ivti', '51.38.12.13', 1557284736, 0x5f5f63695f6c6173745f726567656e65726174657c693a313535373238343733363b),
('0dof0h7u2oh9s8gu6urpk8ea17cs4ebc', '137.74.30.67', 1557268106, 0x5f5f63695f6c6173745f726567656e65726174657c693a313535373236383130363b),
('6fvoo1frsghkaafcp1cui4aicj8t34fj', '52.80.164.162', 1557262446, 0x5f5f63695f6c6173745f726567656e65726174657c693a313535373236323434363b),
('kc6h59h68iqvhiuvempcmcsi0cjvpq5l', '52.80.164.162', 1557262170, 0x5f5f63695f6c6173745f726567656e65726174657c693a313535373236323137303b),
('oj8r41oj4oa9njahchk0tnjgh7vksae7', '198.108.66.176', 1557254794, 0x5f5f63695f6c6173745f726567656e65726174657c693a313535373235343739343b),
('t8sfueun0kcpbvljk81r7ke3q0hs3m36', '71.6.143.90', 1557250722, 0x5f5f63695f6c6173745f726567656e65726174657c693a313535373235303732303b),
('lg82cqurargu6qo6oa9r7ojo6h8jhqkf', '71.6.143.90', 1557250722, 0x5f5f63695f6c6173745f726567656e65726174657c693a313535373235303732303b),
('olci7t2ppmc4uc4fg0o18gkcdj1gpkdg', '137.74.30.66', 1557215404, 0x5f5f63695f6c6173745f726567656e65726174657c693a313535373231353430343b),
('svsmbmc74d0vcmlspc3kfeb2788iecsu', '118.89.39.169', 1557173270, 0x5f5f63695f6c6173745f726567656e65726174657c693a313535373137333237303b),
('rgnld0h9f8cc025qr2186sir5bignv90', '51.38.12.21', 1557162257, 0x5f5f63695f6c6173745f726567656e65726174657c693a313535373136323235373b),
('s4soa076b091164e5qd0ed9iv4t2qo35', '110.21.187.90', 1557142607, 0x5f5f63695f6c6173745f726567656e65726174657c693a313535373134323332333b6973557365724c6f67676564496e7c623a313b7573657269647c733a313a2231223b),
('0lsr7qrtqjbc7t5u786h9s5penbpr032', '137.74.30.66', 1557141292, 0x5f5f63695f6c6173745f726567656e65726174657c693a313535373134313239303b),
('u5lf0ol2kefu0cuhkf29qve80s6bu8bc', '149.202.167.73', 1557100959, 0x5f5f63695f6c6173745f726567656e65726174657c693a313535373130303935393b),
('40i8ljc0qii4vrf7sm55cna6hgtdkl3c', '37.58.109.107', 1557085850, 0x5f5f63695f6c6173745f726567656e65726174657c693a313535373038353835303b),
('0eiicqk9lc8jnta6n3emoljdak770gbp', '37.58.109.107', 1557085661, 0x5f5f63695f6c6173745f726567656e65726174657c693a313535373038353636313b),
('vkldb1nc16ri7ldpc0hjk0jh9s4uf515', '149.202.167.73', 1557063585, 0x5f5f63695f6c6173745f726567656e65726174657c693a313535373036333538333b),
('vuo6m4pe8fakv89ehqur9g8b27a00aig', '52.231.159.59', 1557042322, 0x5f5f63695f6c6173745f726567656e65726174657c693a313535373034323332323b),
('3euej9frd2n6imvg2saa6h7sjjcanvmo', '52.231.159.59', 1557042305, 0x5f5f63695f6c6173745f726567656e65726174657c693a313535373034323330353b),
('s648022ebhlfa47pv8g26pvi4vntl27d', '52.231.159.59', 1557042294, 0x5f5f63695f6c6173745f726567656e65726174657c693a313535373034323239343b),
('iad2tv29dm0ps24o539h8h5qc771gdh4', '52.231.159.59', 1557042288, 0x5f5f63695f6c6173745f726567656e65726174657c693a313535373034323238383b),
('ltuana1ookt0truumhovl52eu7k28s4l', '66.249.66.74', 1557022529, 0x5f5f63695f6c6173745f726567656e65726174657c693a313535373032323532393b),
('bsqk400obtdh05ulf7niafq1r53je4lj', '193.235.207.38', 1556995996, 0x5f5f63695f6c6173745f726567656e65726174657c693a313535363939353939343b),
('h2172q5v74u2gb467k6dkt1begvg3rkv', '5.62.52.101', 1556906872, 0x5f5f63695f6c6173745f726567656e65726174657c693a313535363930363837323b),
('usbgcn5t23753rrv2aeuh7dcj7nm7840', '5.62.52.101', 1556906731, 0x5f5f63695f6c6173745f726567656e65726174657c693a313535363930363733313b),
('q6g38q2htai9aq0gvis88k36hlvlgccr', '182.254.241.79', 1556867259, 0x5f5f63695f6c6173745f726567656e65726174657c693a313535363836373235373b),
('7d0sbr6fi6e7r1umfiqe4j5lqe2h0iu5', '71.6.143.90', 1556831084, 0x5f5f63695f6c6173745f726567656e65726174657c693a313535363833313038343b),
('kpjp93lofh9alnoarjo3eftighfd539k', '137.74.30.66', 1556829238, 0x5f5f63695f6c6173745f726567656e65726174657c693a313535363832393233383b),
('vnpsilp1jue0lfdbtdu7nsadfa8u7cgt', '52.90.96.44', 1556795459, 0x5f5f63695f6c6173745f726567656e65726174657c693a313535363739353435373b),
('63dbpo2uhr2ahpejbrkqfccnel9r5cef', '212.33.206.34', 1556763377, 0x5f5f63695f6c6173745f726567656e65726174657c693a313535363736333337373b),
('6hn6brft5rnic5il29g8jgkot4acs9dl', '212.33.206.34', 1556763374, 0x5f5f63695f6c6173745f726567656e65726174657c693a313535363736333337343b),
('jt5p43k3c7v5spibmagj07e2pm9qs691', '212.33.206.34', 1556763371, 0x5f5f63695f6c6173745f726567656e65726174657c693a313535363736333337313b),
('79lvpsk8f848ifubieh75c2a9uaeeek9', '212.33.206.34', 1556763365, 0x5f5f63695f6c6173745f726567656e65726174657c693a313535363736333336353b),
('d1u1lsieqcp0b2ag8v049qb0j61vgqpi', '184.154.74.66', 1556738143, 0x5f5f63695f6c6173745f726567656e65726174657c693a313535363733383134323b),
('te42emev6vbp9braebr8v6v4euqps4ai', '185.232.42.130', 1556713917, 0x5f5f63695f6c6173745f726567656e65726174657c693a313535363731333931353b),
('huc51p43ohhi7fl7qtqpu6aqau7a9167', '66.249.65.76', 1556650665, 0x5f5f63695f6c6173745f726567656e65726174657c693a313535363635303636353b),
('iaa69u9o9ee8af83qj8kmvlgqhakgejm', '124.248.202.190', 1556634873, 0x5f5f63695f6c6173745f726567656e65726174657c693a313535363633343837333b),
('3rerfodkdq2l3d88hgdk913oe4po6bgn', '198.108.66.80', 1556632183, 0x5f5f63695f6c6173745f726567656e65726174657c693a313535363633323138333b),
('1km5qu00dgf2dqmlnjlnn1qisrjljf85', '129.204.44.137', 1556630515, 0x5f5f63695f6c6173745f726567656e65726174657c693a313535363633303531353b),
('ab1arns1uffkdd88sbu2bdmq2ktf33vi', '129.204.44.137', 1556630283, 0x5f5f63695f6c6173745f726567656e65726174657c693a313535363633303238333b),
('725ep74m9qshgakvl9vlq6jl400m1tuc', '198.108.66.192', 1556611455, 0x5f5f63695f6c6173745f726567656e65726174657c693a313535363631313435353b),
('fm9pagdnd5pf1vi6jtnmpic3vmasndv0', '89.248.174.203', 1556588609, 0x5f5f63695f6c6173745f726567656e65726174657c693a313535363538383630373b),
('f1d77027udcl1hu6hf3b1gj43d1hm0ft', '71.6.143.90', 1556572079, 0x5f5f63695f6c6173745f726567656e65726174657c693a313535363537323037393b),
('fdotfupfsgp5p92ieailpeikjf9gpc2o', '71.6.135.131', 1556495325, 0x5f5f63695f6c6173745f726567656e65726174657c693a313535363439353332333b),
('se6hvpprv0qt6d7sei4au58e8f7hrmsp', '88.208.3.143', 1556453320, 0x5f5f63695f6c6173745f726567656e65726174657c693a313535363435333332303b),
('1146jr6o7gfni0dav32161qjr0oq06ff', '185.142.236.35', 1556448948, 0x5f5f63695f6c6173745f726567656e65726174657c693a313535363434383934383b),
('q7p8eshlseqfigmku8hotau1lq0m7tok', '60.191.38.77', 1556430723, 0x5f5f63695f6c6173745f726567656e65726174657c693a313535363433303732333b),
('f90nhe6i20s6hmkci4p41tjh410b64h5', '60.191.38.77', 1556430629, 0x5f5f63695f6c6173745f726567656e65726174657c693a313535363433303632393b),
('47grpsq8a5jh9htal8nppc2kev5tqdun', '51.38.12.13', 1556430586, 0x5f5f63695f6c6173745f726567656e65726174657c693a313535363433303538363b),
('3a7jdcbepju850lmfdevfl0otnp2ejoj', '122.228.19.79', 1556397147, 0x5f5f63695f6c6173745f726567656e65726174657c693a313535363339373134353b),
('if32l3bj9dns9tk343iijds7q15mu09f', '47.93.112.231', 1556362048, 0x5f5f63695f6c6173745f726567656e65726174657c693a313535363336323034363b),
('aq14lvdk4eqa1sj80vg8ong5iihpu76e', '91.206.15.6', 1556335168, 0x5f5f63695f6c6173745f726567656e65726174657c693a313535363333353136383b),
('v2crjdu2cfl8jau8ems1vspjlo8k87i6', '123.57.208.161', 1556316719, 0x5f5f63695f6c6173745f726567656e65726174657c693a313535363331363731393b),
('s4itoto1dcpp2g9l2mtseetog1hgfv0t', '172.104.108.109', 1556309090, 0x5f5f63695f6c6173745f726567656e65726174657c693a313535363330393039303b),
('5ss90dkseid016ngqufs4rtmioo5etfv', '122.228.19.79', 1556300016, 0x5f5f63695f6c6173745f726567656e65726174657c693a313535363330303031353b),
('aovika1chsk8r0qpepnpk8caegijaucm', '51.38.12.21', 1556294959, 0x5f5f63695f6c6173745f726567656e65726174657c693a313535363239343935393b),
('qp7cn8e7d3ptd1gcj7r4m17qvunvqime', '54.87.194.244', 1556285826, 0x5f5f63695f6c6173745f726567656e65726174657c693a313535363238353832363b),
('rsv2t5befi51ghrpv883ka0ohef1ftcp', '118.24.7.177', 1556241429, 0x5f5f63695f6c6173745f726567656e65726174657c693a313535363234313432393b),
('4n8u8gu51h3u9bi4p9plsupns7gimf74', '71.6.143.90', 1556236323, 0x5f5f63695f6c6173745f726567656e65726174657c693a313535363233363332333b),
('jke8sq9v3t817eemjgv8hu9i15gs88ip', '71.6.143.90', 1556236323, 0x5f5f63695f6c6173745f726567656e65726174657c693a313535363233363332303b),
('64k28l27pjtlnspif2cuinhhm0df5vrs', '82.221.105.7', 1556160101, 0x5f5f63695f6c6173745f726567656e65726174657c693a313535363136303130313b),
('al8m01330ekn2q7ppo0b40tjofv39rpc', '95.211.246.236', 1556148685, 0x5f5f63695f6c6173745f726567656e65726174657c693a313535363134383638343b),
('u4nh0mlpeincs5chtbh60ebvkvm5dnp4', '51.38.12.21', 1556103396, 0x5f5f63695f6c6173745f726567656e65726174657c693a313535363130333339353b),
('qohjbpm6evi8241sj6n8q2su489kcjr0', '172.104.108.109', 1556058086, 0x5f5f63695f6c6173745f726567656e65726174657c693a313535363035383038363b),
('1tm2c209l3u9vjhat3pqacfpl8jui4oo', '106.15.229.173', 1556048324, 0x5f5f63695f6c6173745f726567656e65726174657c693a313535363034383332343b),
('cn0m2e3v55dqcmndu88fjkvn4be4t3cd', '106.15.229.173', 1556048321, 0x5f5f63695f6c6173745f726567656e65726174657c693a313535363034383332313b),
('82915f3gptrqan8hskkgbrlq6gtli0qq', '106.15.229.173', 1556048319, 0x5f5f63695f6c6173745f726567656e65726174657c693a313535363034383331393b),
('authtm54d6fbm9eknqm3bnervg9ehgi7', '198.108.66.128', 1556041139, 0x5f5f63695f6c6173745f726567656e65726174657c693a313535363034313133373b),
('qilic0jdbgnlb9239kmmo346aufi033n', '198.108.66.128', 1556041139, 0x5f5f63695f6c6173745f726567656e65726174657c693a313535363034313133373b);

-- --------------------------------------------------------

--
-- Table structure for table `fitbitcalories`
--

CREATE TABLE `fitbitcalories` (
  `id` bigint(20) UNSIGNED NOT NULL,
  `userid` int(10) UNSIGNED NOT NULL,
  `calories` decimal(6,2) UNSIGNED NOT NULL,
  `fordate` date NOT NULL
) ENGINE=MyISAM DEFAULT CHARSET=utf8 COLLATE=utf8_unicode_ci;

--
-- Dumping data for table `fitbitcalories`
--

INSERT INTO `fitbitcalories` (`id`, `userid`, `calories`, `fordate`) VALUES
(1, 1, '3196.00', '2018-04-15'),
(2, 1, '2317.00', '2018-04-16'),
(3, 1, '2453.00', '2018-04-17'),
(4, 1, '2131.00', '2018-04-18'),
(5, 1, '2980.00', '2018-04-19'),
(6, 1, '2992.00', '2018-04-20'),
(7, 1, '1785.00', '2018-04-21'),
(8, 1, '2044.00', '2018-04-22'),
(9, 1, '2061.00', '2018-04-23'),
(10, 1, '2932.00', '2018-04-24'),
(11, 1, '2458.00', '2018-04-25'),
(12, 1, '3084.00', '2018-04-26'),
(13, 1, '2279.00', '2018-04-27'),
(14, 1, '2233.00', '2018-04-28'),
(15, 1, '2870.00', '2018-04-29'),
(16, 1, '3012.00', '2018-04-30'),
(17, 1, '1999.00', '2018-05-01'),
(18, 1, '2784.00', '2018-05-02'),
(19, 1, '2456.00', '2018-05-03'),
(20, 1, '3162.00', '2018-05-04'),
(21, 1, '2456.00', '2018-05-05'),
(22, 1, '2414.00', '2018-05-06'),
(23, 1, '2195.00', '2018-05-07'),
(24, 1, '3172.00', '2018-05-08'),
(25, 1, '1758.00', '2018-05-09'),
(26, 1, '2053.00', '2018-05-10'),
(27, 1, '2461.00', '2018-05-11'),
(28, 1, '2175.00', '2018-05-12'),
(29, 1, '1632.00', '2018-05-13'),
(30, 1, '3079.00', '2018-05-14'),
(31, 1, '1947.00', '2018-05-15'),
(32, 1, '1921.00', '2018-05-16'),
(33, 1, '1736.00', '2018-05-17'),
(34, 1, '3071.00', '2018-05-18'),
(35, 1, '2691.00', '2018-05-19'),
(36, 1, '2784.00', '2018-05-20'),
(37, 1, '2406.00', '2018-05-21'),
(38, 1, '2727.00', '2018-05-22'),
(39, 1, '2441.00', '2018-05-23'),
(40, 1, '1724.00', '2018-05-24'),
(41, 2, '2044.00', '2018-04-15'),
(42, 2, '2002.00', '2018-04-16'),
(43, 2, '2677.00', '2018-04-17'),
(44, 2, '1739.00', '2018-04-18'),
(45, 2, '2221.00', '2018-04-19'),
(46, 2, '3065.00', '2018-04-20'),
(47, 2, '3146.00', '2018-04-21'),
(48, 2, '1743.00', '2018-04-22'),
(49, 2, '2693.00', '2018-04-23'),
(50, 2, '2563.00', '2018-04-24'),
(51, 2, '2541.00', '2018-04-25'),
(52, 2, '2508.00', '2018-04-26'),
(53, 2, '1893.00', '2018-04-27'),
(54, 2, '2627.00', '2018-04-28'),
(55, 2, '1751.00', '2018-04-29'),
(56, 2, '2139.00', '2018-04-30'),
(57, 2, '2200.00', '2018-05-01'),
(58, 2, '1758.00', '2018-05-02'),
(59, 2, '3150.00', '2018-05-03'),
(60, 2, '3118.00', '2018-05-04'),
(61, 2, '1947.00', '2018-05-05'),
(62, 2, '1715.00', '2018-05-06'),
(63, 2, '2157.00', '2018-05-07'),
(64, 2, '2357.00', '2018-05-08'),
(65, 2, '2317.00', '2018-05-09'),
(66, 2, '2217.00', '2018-05-10'),
(67, 2, '1981.00', '2018-05-11'),
(68, 2, '1870.00', '2018-05-12'),
(69, 2, '2985.00', '2018-05-13'),
(70, 2, '1876.00', '2018-05-14'),
(71, 2, '3034.00', '2018-05-15'),
(72, 2, '2803.00', '2018-05-16'),
(73, 2, '1717.00', '2018-05-17'),
(74, 2, '2268.00', '2018-05-18'),
(75, 2, '2377.00', '2018-05-19'),
(76, 2, '2541.00', '2018-05-20'),
(77, 2, '2747.00', '2018-05-21'),
(78, 2, '2742.00', '2018-05-22'),
(79, 2, '3051.00', '2018-05-23'),
(80, 2, '2540.00', '2018-05-24');

-- --------------------------------------------------------

--
-- Table structure for table `fooddetail`
--

CREATE TABLE `fooddetail` (
  `dfid` int(11) NOT NULL,
  `name` varchar(50) COLLATE utf8_unicode_ci NOT NULL,
  `title` varchar(50) COLLATE utf8_unicode_ci NOT NULL,
  `metric` varchar(20) COLLATE utf8_unicode_ci DEFAULT NULL,
  `description` text COLLATE utf8_unicode_ci,
  `image` varchar(250) COLLATE utf8_unicode_ci DEFAULT NULL,
  `note` text COLLATE utf8_unicode_ci
) ENGINE=MyISAM DEFAULT CHARSET=utf8 COLLATE=utf8_unicode_ci;

--
-- Dumping data for table `fooddetail`
--

INSERT INTO `fooddetail` (`dfid`, `name`, `title`, `metric`, `description`, `image`, `note`) VALUES
(1, 'Fruits', 'Focus on whole fruits', 'cups', 'Focus on whole fruits that are fresh, frozen, canned, or dried.', 'images/fruits.png', '1 cup of fruits counts as</span><br />\r\n	 1 cup raw or cooked fruit; or<br />\r\n	 1/2 cup dried fruit; or<br />\r\n	 1 cup 100% fruit juice.\r\n\r\n'),
(2, 'Vegetables', 'Vary your veggies', 'cups', 'Choose a variety of colorful fresh, frozen, and canned vegetables . Make sure to include dark green, red, and orange choices', 'images/vegetables.png', '1 cup vegetables counts as</span><br />\r\n	 1 cup raw or cooked vegetables; or<br />\r\n	 	2 cups leafy salad greens; or<br />\r\n	 	1 cup 100% vegetable juice.'),
(3, 'Grains', 'Make half your grains whole grains', 'ounces', 'Find whole-grain foods by reading the Nutrition Facts label and ingredients list.', 'images/grains.png', '1 ounce of grains counts as</span><br />\r\n	1 slice bread; or<br />\r\n		1 ounce ready-to-eat cereal; or<br />\r\n	1/2 cup cooked rice, pasta, or cereal.<br />'),
(4, 'Protein', 'Vary your protein routine', 'ounces', 'Mix up your protein foods to include seafood, beans and peas, unsalted nuts and seeds, soy products, eggs, and lean meats and poultry.', 'images/protein.png', '1 ounce of protein counts as</span><br />\r\n	1 ounce lean meat, poultry, or seafood; or<br />\r\n	1 egg; or\r\n	1 Tbsp peanut butter; or<br />\r\n	1/4 cup cooked beans or peas; or<br />\r\n	1/2 ounce nuts or seeds.<br />'),
(5, 'Dairy', 'Move to low-fat or fat-free milk or yogurt', 'cups', 'Choose fat-free milk, yogurt, and soy beverages (soy milk) to cut back on your saturated fat.', 'images/diary.png', '1 cup of dairy counts as</span><br />\r\n	1 cup milk; or<br />\r\n	1 cup yogurt; or<br />\r\n	1 cup fortified soy beverage; or<br />\r\n	1 1/2 ounces natural cheese or 2 ounces processed cheese.');

-- --------------------------------------------------------

--
-- Table structure for table `foodlog`
--

CREATE TABLE `foodlog` (
  `foodid` int(11) NOT NULL,
  `mealid` varchar(10) COLLATE utf8_unicode_ci NOT NULL,
  `mealtype` varchar(45) COLLATE utf8_unicode_ci DEFAULT NULL,
  `foodname` varchar(45) COLLATE utf8_unicode_ci DEFAULT NULL,
  `time` time DEFAULT NULL,
  `date` date DEFAULT NULL,
  `servingid` int(10) UNSIGNED NOT NULL,
  `servingsize` int(11) DEFAULT NULL,
  `noofservings` int(11) DEFAULT NULL,
  `calsconsumed` int(11) DEFAULT NULL,
  `imageid` int(11) DEFAULT NULL,
  `location` varchar(45) COLLATE utf8_unicode_ci DEFAULT NULL,
  `userid` int(11) DEFAULT NULL
) ENGINE=MyISAM DEFAULT CHARSET=utf8 COLLATE=utf8_unicode_ci;

--
-- Dumping data for table `foodlog`
--

INSERT INTO `foodlog` (`foodid`, `mealid`, `mealtype`, `foodname`, `time`, `date`, `servingid`, `servingsize`, `noofservings`, `calsconsumed`, `imageid`, `location`, `userid`) VALUES
(1, '1', 'Fruits', NULL, '19:28:17', '2018-04-15', 1, NULL, NULL, 357, NULL, NULL, 1),
(2, '2', 'Vegetables', NULL, '12:48:08', '2018-04-15', 1, NULL, NULL, 554, NULL, NULL, 1),
(3, '3', 'Grains', NULL, '19:55:42', '2018-04-15', 1, NULL, NULL, 552, NULL, NULL, 1),
(4, '4', 'Protein', NULL, '11:10:54', '2018-04-15', 1, NULL, NULL, 542, NULL, NULL, 1),
(5, '5', 'Dairy', NULL, '16:01:05', '2018-04-15', 1, NULL, NULL, 420, NULL, NULL, 1),
(6, '1', 'Fruits', NULL, '08:19:22', '2018-04-16', 1, NULL, NULL, 342, NULL, NULL, 1),
(7, '2', 'Vegetables', NULL, '14:36:23', '2018-04-16', 1, NULL, NULL, 540, NULL, NULL, 1),
(8, '3', 'Grains', NULL, '10:50:32', '2018-04-16', 1, NULL, NULL, 456, NULL, NULL, 1),
(9, '4', 'Protein', NULL, '04:50:04', '2018-04-16', 1, NULL, NULL, 494, NULL, NULL, 1),
(10, '5', 'Dairy', NULL, '05:43:27', '2018-04-16', 1, NULL, NULL, 490, NULL, NULL, 1),
(11, '1', 'Fruits', NULL, '13:46:32', '2018-04-17', 1, NULL, NULL, 419, NULL, NULL, 1),
(12, '2', 'Vegetables', NULL, '07:12:22', '2018-04-17', 1, NULL, NULL, 412, NULL, NULL, 1),
(13, '3', 'Grains', NULL, '01:25:03', '2018-04-17', 1, NULL, NULL, 414, NULL, NULL, 1),
(14, '4', 'Protein', NULL, '06:49:25', '2018-04-17', 1, NULL, NULL, 457, NULL, NULL, 1),
(15, '5', 'Dairy', NULL, '04:23:04', '2018-04-17', 1, NULL, NULL, 444, NULL, NULL, 1),
(16, '1', 'Fruits', NULL, '17:12:56', '2018-04-18', 1, NULL, NULL, 575, NULL, NULL, 1),
(17, '2', 'Vegetables', NULL, '02:37:02', '2018-04-18', 1, NULL, NULL, 464, NULL, NULL, 1),
(18, '3', 'Grains', NULL, '14:50:57', '2018-04-18', 1, NULL, NULL, 439, NULL, NULL, 1),
(19, '4', 'Protein', NULL, '08:35:16', '2018-04-18', 1, NULL, NULL, 398, NULL, NULL, 1),
(20, '5', 'Dairy', NULL, '15:14:05', '2018-04-18', 1, NULL, NULL, 428, NULL, NULL, 1),
(21, '1', 'Fruits', NULL, '03:11:29', '2018-04-19', 1, NULL, NULL, 583, NULL, NULL, 1),
(22, '2', 'Vegetables', NULL, '00:30:34', '2018-04-19', 1, NULL, NULL, 406, NULL, NULL, 1),
(23, '3', 'Grains', NULL, '20:53:29', '2018-04-19', 1, NULL, NULL, 363, NULL, NULL, 1),
(24, '4', 'Protein', NULL, '14:04:11', '2018-04-19', 1, NULL, NULL, 543, NULL, NULL, 1),
(25, '5', 'Dairy', NULL, '02:20:54', '2018-04-19', 1, NULL, NULL, 537, NULL, NULL, 1),
(26, '1', 'Fruits', NULL, '23:39:30', '2018-04-20', 1, NULL, NULL, 522, NULL, NULL, 1),
(27, '2', 'Vegetables', NULL, '01:06:06', '2018-04-20', 1, NULL, NULL, 322, NULL, NULL, 1),
(28, '3', 'Grains', NULL, '05:17:00', '2018-04-20', 1, NULL, NULL, 630, NULL, NULL, 1),
(29, '4', 'Protein', NULL, '03:20:35', '2018-04-20', 1, NULL, NULL, 353, NULL, NULL, 1),
(30, '5', 'Dairy', NULL, '00:50:27', '2018-04-20', 1, NULL, NULL, 342, NULL, NULL, 1),
(31, '1', 'Fruits', NULL, '02:12:05', '2018-04-21', 1, NULL, NULL, 635, NULL, NULL, 1),
(32, '2', 'Vegetables', NULL, '04:59:57', '2018-04-21', 1, NULL, NULL, 363, NULL, NULL, 1),
(33, '3', 'Grains', NULL, '16:18:21', '2018-04-21', 1, NULL, NULL, 350, NULL, NULL, 1),
(34, '4', 'Protein', NULL, '17:41:07', '2018-04-21', 1, NULL, NULL, 425, NULL, NULL, 1),
(35, '5', 'Dairy', NULL, '16:40:38', '2018-04-21', 1, NULL, NULL, 478, NULL, NULL, 1),
(36, '1', 'Fruits', NULL, '21:50:05', '2018-04-22', 1, NULL, NULL, 632, NULL, NULL, 1),
(37, '2', 'Vegetables', NULL, '10:33:55', '2018-04-22', 1, NULL, NULL, 427, NULL, NULL, 1),
(38, '3', 'Grains', NULL, '20:39:30', '2018-04-22', 1, NULL, NULL, 530, NULL, NULL, 1),
(39, '4', 'Protein', NULL, '03:21:55', '2018-04-22', 1, NULL, NULL, 398, NULL, NULL, 1),
(40, '5', 'Dairy', NULL, '20:34:32', '2018-04-22', 1, NULL, NULL, 578, NULL, NULL, 1),
(41, '1', 'Fruits', NULL, '14:38:24', '2018-04-23', 1, NULL, NULL, 435, NULL, NULL, 1),
(42, '2', 'Vegetables', NULL, '02:11:38', '2018-04-23', 1, NULL, NULL, 578, NULL, NULL, 1),
(43, '3', 'Grains', NULL, '18:38:28', '2018-04-23', 1, NULL, NULL, 371, NULL, NULL, 1),
(44, '4', 'Protein', NULL, '01:42:25', '2018-04-23', 1, NULL, NULL, 384, NULL, NULL, 1),
(45, '5', 'Dairy', NULL, '14:03:24', '2018-04-23', 1, NULL, NULL, 636, NULL, NULL, 1),
(46, '1', 'Fruits', NULL, '01:10:26', '2018-04-24', 1, NULL, NULL, 352, NULL, NULL, 1),
(47, '2', 'Vegetables', NULL, '04:01:54', '2018-04-24', 1, NULL, NULL, 515, NULL, NULL, 1),
(48, '3', 'Grains', NULL, '20:55:55', '2018-04-24', 1, NULL, NULL, 414, NULL, NULL, 1),
(49, '4', 'Protein', NULL, '05:59:20', '2018-04-24', 1, NULL, NULL, 586, NULL, NULL, 1),
(50, '5', 'Dairy', NULL, '01:40:03', '2018-04-24', 1, NULL, NULL, 429, NULL, NULL, 1),
(51, '1', 'Fruits', NULL, '22:39:58', '2018-04-25', 1, NULL, NULL, 575, NULL, NULL, 1),
(52, '2', 'Vegetables', NULL, '18:10:55', '2018-04-25', 1, NULL, NULL, 394, NULL, NULL, 1),
(53, '3', 'Grains', NULL, '14:27:17', '2018-04-25', 1, NULL, NULL, 522, NULL, NULL, 1),
(54, '4', 'Protein', NULL, '01:02:14', '2018-04-25', 1, NULL, NULL, 402, NULL, NULL, 1),
(55, '5', 'Dairy', NULL, '13:12:40', '2018-04-25', 1, NULL, NULL, 418, NULL, NULL, 1),
(56, '1', 'Fruits', NULL, '18:04:36', '2018-04-26', 1, NULL, NULL, 411, NULL, NULL, 1),
(57, '2', 'Vegetables', NULL, '19:27:14', '2018-04-26', 1, NULL, NULL, 555, NULL, NULL, 1),
(58, '3', 'Grains', NULL, '23:45:03', '2018-04-26', 1, NULL, NULL, 342, NULL, NULL, 1),
(59, '4', 'Protein', NULL, '08:13:27', '2018-04-26', 1, NULL, NULL, 366, NULL, NULL, 1),
(60, '5', 'Dairy', NULL, '16:03:20', '2018-04-26', 1, NULL, NULL, 468, NULL, NULL, 1),
(61, '1', 'Fruits', NULL, '12:53:55', '2018-04-27', 1, NULL, NULL, 552, NULL, NULL, 1),
(62, '2', 'Vegetables', NULL, '00:04:54', '2018-04-27', 1, NULL, NULL, 480, NULL, NULL, 1),
(63, '3', 'Grains', NULL, '20:52:09', '2018-04-27', 1, NULL, NULL, 471, NULL, NULL, 1),
(64, '4', 'Protein', NULL, '19:53:18', '2018-04-27', 1, NULL, NULL, 485, NULL, NULL, 1),
(65, '5', 'Dairy', NULL, '07:41:24', '2018-04-27', 1, NULL, NULL, 614, NULL, NULL, 1),
(66, '1', 'Fruits', NULL, '01:35:10', '2018-04-28', 1, NULL, NULL, 557, NULL, NULL, 1),
(67, '2', 'Vegetables', NULL, '17:46:00', '2018-04-28', 1, NULL, NULL, 473, NULL, NULL, 1),
(68, '3', 'Grains', NULL, '09:44:58', '2018-04-28', 1, NULL, NULL, 615, NULL, NULL, 1),
(69, '4', 'Protein', NULL, '17:13:45', '2018-04-28', 1, NULL, NULL, 599, NULL, NULL, 1),
(70, '5', 'Dairy', NULL, '11:58:19', '2018-04-28', 1, NULL, NULL, 350, NULL, NULL, 1),
(71, '1', 'Fruits', NULL, '06:31:24', '2018-04-29', 1, NULL, NULL, 491, NULL, NULL, 1),
(72, '2', 'Vegetables', NULL, '19:34:35', '2018-04-29', 1, NULL, NULL, 636, NULL, NULL, 1),
(73, '3', 'Grains', NULL, '23:57:15', '2018-04-29', 1, NULL, NULL, 390, NULL, NULL, 1),
(74, '4', 'Protein', NULL, '07:32:27', '2018-04-29', 1, NULL, NULL, 542, NULL, NULL, 1),
(75, '5', 'Dairy', NULL, '06:55:16', '2018-04-29', 1, NULL, NULL, 474, NULL, NULL, 1),
(76, '1', 'Fruits', NULL, '06:55:48', '2018-04-30', 1, NULL, NULL, 575, NULL, NULL, 1),
(77, '2', 'Vegetables', NULL, '15:50:29', '2018-04-30', 1, NULL, NULL, 615, NULL, NULL, 1),
(78, '3', 'Grains', NULL, '02:32:34', '2018-04-30', 1, NULL, NULL, 574, NULL, NULL, 1),
(79, '4', 'Protein', NULL, '12:32:10', '2018-04-30', 1, NULL, NULL, 529, NULL, NULL, 1),
(80, '5', 'Dairy', NULL, '12:11:39', '2018-04-30', 1, NULL, NULL, 500, NULL, NULL, 1),
(81, '1', 'Fruits', NULL, '23:38:17', '2018-05-01', 1, NULL, NULL, 568, NULL, NULL, 1),
(82, '2', 'Vegetables', NULL, '16:19:53', '2018-05-01', 1, NULL, NULL, 604, NULL, NULL, 1),
(83, '3', 'Grains', NULL, '07:21:57', '2018-05-01', 1, NULL, NULL, 332, NULL, NULL, 1),
(84, '4', 'Protein', NULL, '08:54:58', '2018-05-01', 1, NULL, NULL, 548, NULL, NULL, 1),
(85, '5', 'Dairy', NULL, '02:31:26', '2018-05-01', 1, NULL, NULL, 409, NULL, NULL, 1),
(86, '1', 'Fruits', NULL, '06:40:00', '2018-05-02', 1, NULL, NULL, 564, NULL, NULL, 1),
(87, '2', 'Vegetables', NULL, '10:48:47', '2018-05-02', 1, NULL, NULL, 373, NULL, NULL, 1),
(88, '3', 'Grains', NULL, '04:38:02', '2018-05-02', 1, NULL, NULL, 625, NULL, NULL, 1),
(89, '4', 'Protein', NULL, '00:35:30', '2018-05-02', 1, NULL, NULL, 336, NULL, NULL, 1),
(90, '5', 'Dairy', NULL, '12:58:31', '2018-05-02', 1, NULL, NULL, 475, NULL, NULL, 1),
(91, '1', 'Fruits', NULL, '18:32:03', '2018-05-03', 1, NULL, NULL, 634, NULL, NULL, 1),
(92, '2', 'Vegetables', NULL, '05:07:39', '2018-05-03', 1, NULL, NULL, 368, NULL, NULL, 1),
(93, '3', 'Grains', NULL, '04:14:49', '2018-05-03', 1, NULL, NULL, 353, NULL, NULL, 1),
(94, '4', 'Protein', NULL, '07:14:06', '2018-05-03', 1, NULL, NULL, 443, NULL, NULL, 1),
(95, '5', 'Dairy', NULL, '05:25:54', '2018-05-03', 1, NULL, NULL, 598, NULL, NULL, 1),
(96, '1', 'Fruits', NULL, '20:37:02', '2018-05-04', 1, NULL, NULL, 472, NULL, NULL, 1),
(97, '2', 'Vegetables', NULL, '03:45:57', '2018-05-04', 1, NULL, NULL, 524, NULL, NULL, 1),
(98, '3', 'Grains', NULL, '20:35:02', '2018-05-04', 1, NULL, NULL, 610, NULL, NULL, 1),
(99, '4', 'Protein', NULL, '20:45:53', '2018-05-04', 1, NULL, NULL, 543, NULL, NULL, 1),
(100, '5', 'Dairy', NULL, '09:31:10', '2018-05-04', 1, NULL, NULL, 397, NULL, NULL, 1),
(101, '1', 'Fruits', NULL, '20:35:36', '2018-05-05', 1, NULL, NULL, 475, NULL, NULL, 1),
(102, '2', 'Vegetables', NULL, '00:52:23', '2018-05-05', 1, NULL, NULL, 626, NULL, NULL, 1),
(103, '3', 'Grains', NULL, '13:48:44', '2018-05-05', 1, NULL, NULL, 398, NULL, NULL, 1),
(104, '4', 'Protein', NULL, '17:08:04', '2018-05-05', 1, NULL, NULL, 374, NULL, NULL, 1),
(105, '5', 'Dairy', NULL, '06:40:10', '2018-05-05', 1, NULL, NULL, 429, NULL, NULL, 1),
(106, '1', 'Fruits', NULL, '12:18:44', '2018-05-06', 1, NULL, NULL, 600, NULL, NULL, 1),
(107, '2', 'Vegetables', NULL, '01:28:26', '2018-05-06', 1, NULL, NULL, 399, NULL, NULL, 1),
(108, '3', 'Grains', NULL, '14:50:34', '2018-05-06', 1, NULL, NULL, 565, NULL, NULL, 1),
(109, '4', 'Protein', NULL, '13:00:19', '2018-05-06', 1, NULL, NULL, 472, NULL, NULL, 1),
(110, '5', 'Dairy', NULL, '20:01:34', '2018-05-06', 1, NULL, NULL, 349, NULL, NULL, 1),
(111, '1', 'Fruits', NULL, '06:15:55', '2018-05-07', 1, NULL, NULL, 471, NULL, NULL, 1),
(112, '2', 'Vegetables', NULL, '13:14:50', '2018-05-07', 1, NULL, NULL, 404, NULL, NULL, 1),
(113, '3', 'Grains', NULL, '17:41:22', '2018-05-07', 1, NULL, NULL, 605, NULL, NULL, 1),
(114, '4', 'Protein', NULL, '05:44:17', '2018-05-07', 1, NULL, NULL, 532, NULL, NULL, 1),
(115, '5', 'Dairy', NULL, '13:17:23', '2018-05-07', 1, NULL, NULL, 612, NULL, NULL, 1),
(116, '1', 'Fruits', NULL, '23:56:14', '2018-05-08', 1, NULL, NULL, 450, NULL, NULL, 1),
(117, '2', 'Vegetables', NULL, '10:56:54', '2018-05-08', 1, NULL, NULL, 383, NULL, NULL, 1),
(118, '3', 'Grains', NULL, '15:04:31', '2018-05-08', 1, NULL, NULL, 571, NULL, NULL, 1),
(119, '4', 'Protein', NULL, '11:30:41', '2018-05-08', 1, NULL, NULL, 606, NULL, NULL, 1),
(120, '5', 'Dairy', NULL, '01:00:08', '2018-05-08', 1, NULL, NULL, 364, NULL, NULL, 1),
(121, '1', 'Fruits', NULL, '09:12:06', '2018-05-09', 1, NULL, NULL, 613, NULL, NULL, 1),
(122, '2', 'Vegetables', NULL, '11:23:02', '2018-05-09', 1, NULL, NULL, 328, NULL, NULL, 1),
(123, '3', 'Grains', NULL, '17:29:54', '2018-05-09', 1, NULL, NULL, 625, NULL, NULL, 1),
(124, '4', 'Protein', NULL, '18:22:17', '2018-05-09', 1, NULL, NULL, 475, NULL, NULL, 1),
(125, '5', 'Dairy', NULL, '18:27:38', '2018-05-09', 1, NULL, NULL, 565, NULL, NULL, 1),
(126, '1', 'Fruits', NULL, '16:07:49', '2018-05-10', 1, NULL, NULL, 483, NULL, NULL, 1),
(127, '2', 'Vegetables', NULL, '22:50:44', '2018-05-10', 1, NULL, NULL, 338, NULL, NULL, 1),
(128, '3', 'Grains', NULL, '11:52:16', '2018-05-10', 1, NULL, NULL, 554, NULL, NULL, 1),
(129, '4', 'Protein', NULL, '09:41:55', '2018-05-10', 1, NULL, NULL, 458, NULL, NULL, 1),
(130, '5', 'Dairy', NULL, '21:11:19', '2018-05-10', 1, NULL, NULL, 575, NULL, NULL, 1),
(131, '1', 'Fruits', NULL, '00:29:49', '2018-05-11', 1, NULL, NULL, 589, NULL, NULL, 1),
(132, '2', 'Vegetables', NULL, '10:29:18', '2018-05-11', 1, NULL, NULL, 485, NULL, NULL, 1),
(133, '3', 'Grains', NULL, '09:54:31', '2018-05-11', 1, NULL, NULL, 476, NULL, NULL, 1),
(134, '4', 'Protein', NULL, '12:52:59', '2018-05-11', 1, NULL, NULL, 613, NULL, NULL, 1),
(135, '5', 'Dairy', NULL, '03:17:58', '2018-05-11', 1, NULL, NULL, 424, NULL, NULL, 1),
(136, '1', 'Fruits', NULL, '23:47:03', '2018-05-12', 1, NULL, NULL, 348, NULL, NULL, 1),
(137, '2', 'Vegetables', NULL, '15:22:42', '2018-05-12', 1, NULL, NULL, 611, NULL, NULL, 1),
(138, '3', 'Grains', NULL, '15:34:08', '2018-05-12', 1, NULL, NULL, 458, NULL, NULL, 1),
(139, '4', 'Protein', NULL, '08:39:20', '2018-05-12', 1, NULL, NULL, 406, NULL, NULL, 1),
(140, '5', 'Dairy', NULL, '07:56:02', '2018-05-12', 1, NULL, NULL, 620, NULL, NULL, 1),
(141, '1', 'Fruits', NULL, '06:25:31', '2018-05-13', 1, NULL, NULL, 592, NULL, NULL, 1),
(142, '2', 'Vegetables', NULL, '15:45:00', '2018-05-13', 1, NULL, NULL, 326, NULL, NULL, 1),
(143, '3', 'Grains', NULL, '05:13:23', '2018-05-13', 1, NULL, NULL, 548, NULL, NULL, 1),
(144, '4', 'Protein', NULL, '05:17:02', '2018-05-13', 1, NULL, NULL, 614, NULL, NULL, 1),
(145, '5', 'Dairy', NULL, '22:19:31', '2018-05-13', 1, NULL, NULL, 594, NULL, NULL, 1),
(146, '1', 'Fruits', NULL, '02:28:37', '2018-05-14', 1, NULL, NULL, 392, NULL, NULL, 1),
(147, '2', 'Vegetables', NULL, '18:29:59', '2018-05-14', 1, NULL, NULL, 640, NULL, NULL, 1),
(148, '3', 'Grains', NULL, '16:39:39', '2018-05-14', 1, NULL, NULL, 490, NULL, NULL, 1),
(149, '4', 'Protein', NULL, '05:56:10', '2018-05-14', 1, NULL, NULL, 454, NULL, NULL, 1),
(150, '5', 'Dairy', NULL, '22:02:37', '2018-05-14', 1, NULL, NULL, 387, NULL, NULL, 1),
(151, '1', 'Fruits', NULL, '11:54:47', '2018-05-15', 1, NULL, NULL, 364, NULL, NULL, 1),
(152, '2', 'Vegetables', NULL, '17:58:24', '2018-05-15', 1, NULL, NULL, 568, NULL, NULL, 1),
(153, '3', 'Grains', NULL, '20:25:04', '2018-05-15', 1, NULL, NULL, 498, NULL, NULL, 1),
(154, '4', 'Protein', NULL, '21:11:06', '2018-05-15', 1, NULL, NULL, 439, NULL, NULL, 1),
(155, '5', 'Dairy', NULL, '09:01:03', '2018-05-15', 1, NULL, NULL, 591, NULL, NULL, 1),
(156, '1', 'Fruits', NULL, '21:48:50', '2018-05-16', 1, NULL, NULL, 559, NULL, NULL, 1),
(157, '2', 'Vegetables', NULL, '15:49:34', '2018-05-16', 1, NULL, NULL, 542, NULL, NULL, 1),
(158, '3', 'Grains', NULL, '07:10:26', '2018-05-16', 1, NULL, NULL, 530, NULL, NULL, 1),
(159, '4', 'Protein', NULL, '09:26:05', '2018-05-16', 1, NULL, NULL, 401, NULL, NULL, 1),
(160, '5', 'Dairy', NULL, '20:57:48', '2018-05-16', 1, NULL, NULL, 342, NULL, NULL, 1),
(161, '1', 'Fruits', NULL, '17:58:54', '2018-05-17', 1, NULL, NULL, 375, NULL, NULL, 1),
(162, '2', 'Vegetables', NULL, '11:55:23', '2018-05-17', 1, NULL, NULL, 509, NULL, NULL, 1),
(163, '3', 'Grains', NULL, '11:06:01', '2018-05-17', 1, NULL, NULL, 594, NULL, NULL, 1),
(164, '4', 'Protein', NULL, '18:33:59', '2018-05-17', 1, NULL, NULL, 428, NULL, NULL, 1),
(165, '5', 'Dairy', NULL, '08:12:21', '2018-05-17', 1, NULL, NULL, 580, NULL, NULL, 1),
(166, '1', 'Fruits', NULL, '04:20:02', '2018-05-18', 1, NULL, NULL, 585, NULL, NULL, 1),
(167, '2', 'Vegetables', NULL, '01:09:46', '2018-05-18', 1, NULL, NULL, 561, NULL, NULL, 1),
(168, '3', 'Grains', NULL, '11:25:20', '2018-05-18', 1, NULL, NULL, 396, NULL, NULL, 1),
(169, '4', 'Protein', NULL, '17:10:19', '2018-05-18', 1, NULL, NULL, 427, NULL, NULL, 1),
(170, '5', 'Dairy', NULL, '18:54:01', '2018-05-18', 1, NULL, NULL, 480, NULL, NULL, 1),
(171, '1', 'Fruits', NULL, '03:16:23', '2018-05-19', 1, NULL, NULL, 634, NULL, NULL, 1),
(172, '2', 'Vegetables', NULL, '07:50:07', '2018-05-19', 1, NULL, NULL, 477, NULL, NULL, 1),
(173, '3', 'Grains', NULL, '06:57:33', '2018-05-19', 1, NULL, NULL, 462, NULL, NULL, 1),
(174, '4', 'Protein', NULL, '17:07:49', '2018-05-19', 1, NULL, NULL, 355, NULL, NULL, 1),
(175, '5', 'Dairy', NULL, '00:12:55', '2018-05-19', 1, NULL, NULL, 401, NULL, NULL, 1),
(176, '1', 'Fruits', NULL, '06:15:39', '2018-05-20', 1, NULL, NULL, 487, NULL, NULL, 1),
(177, '2', 'Vegetables', NULL, '05:05:52', '2018-05-20', 1, NULL, NULL, 521, NULL, NULL, 1),
(178, '3', 'Grains', NULL, '22:57:51', '2018-05-20', 1, NULL, NULL, 631, NULL, NULL, 1),
(179, '4', 'Protein', NULL, '06:25:58', '2018-05-20', 1, NULL, NULL, 580, NULL, NULL, 1),
(180, '5', 'Dairy', NULL, '09:16:30', '2018-05-20', 1, NULL, NULL, 396, NULL, NULL, 1),
(181, '1', 'Fruits', NULL, '17:26:23', '2018-05-21', 1, NULL, NULL, 622, NULL, NULL, 1),
(182, '2', 'Vegetables', NULL, '15:51:11', '2018-05-21', 1, NULL, NULL, 347, NULL, NULL, 1),
(183, '3', 'Grains', NULL, '06:44:34', '2018-05-21', 1, NULL, NULL, 602, NULL, NULL, 1),
(184, '4', 'Protein', NULL, '03:47:38', '2018-05-21', 1, NULL, NULL, 489, NULL, NULL, 1),
(185, '5', 'Dairy', NULL, '00:14:33', '2018-05-21', 1, NULL, NULL, 434, NULL, NULL, 1),
(186, '1', 'Fruits', NULL, '22:52:08', '2018-05-22', 1, NULL, NULL, 502, NULL, NULL, 1),
(187, '2', 'Vegetables', NULL, '01:15:49', '2018-05-22', 1, NULL, NULL, 472, NULL, NULL, 1),
(188, '3', 'Grains', NULL, '03:37:55', '2018-05-22', 1, NULL, NULL, 358, NULL, NULL, 1),
(189, '4', 'Protein', NULL, '05:50:47', '2018-05-22', 1, NULL, NULL, 435, NULL, NULL, 1),
(190, '5', 'Dairy', NULL, '06:17:03', '2018-05-22', 1, NULL, NULL, 463, NULL, NULL, 1),
(191, '1', 'Fruits', NULL, '11:41:10', '2018-05-23', 1, NULL, NULL, 582, NULL, NULL, 1),
(192, '2', 'Vegetables', NULL, '12:04:50', '2018-05-23', 1, NULL, NULL, 613, NULL, NULL, 1),
(193, '3', 'Grains', NULL, '18:52:40', '2018-05-23', 1, NULL, NULL, 606, NULL, NULL, 1),
(194, '4', 'Protein', NULL, '06:18:34', '2018-05-23', 1, NULL, NULL, 527, NULL, NULL, 1),
(195, '5', 'Dairy', NULL, '17:25:36', '2018-05-23', 1, NULL, NULL, 568, NULL, NULL, 1),
(196, '1', 'Fruits', NULL, '12:06:45', '2018-05-24', 1, NULL, NULL, 438, NULL, NULL, 1),
(197, '2', 'Vegetables', NULL, '05:50:15', '2018-05-24', 1, NULL, NULL, 412, NULL, NULL, 1),
(198, '3', 'Grains', NULL, '15:32:48', '2018-05-24', 1, NULL, NULL, 506, NULL, NULL, 1),
(199, '4', 'Protein', NULL, '07:20:01', '2018-05-24', 1, NULL, NULL, 549, NULL, NULL, 1),
(200, '5', 'Dairy', NULL, '21:31:59', '2018-05-24', 1, NULL, NULL, 618, NULL, NULL, 1),
(201, '1', 'Fruits', NULL, '15:05:25', '2018-05-25', 1, NULL, NULL, 369, NULL, NULL, 2),
(202, '2', 'Vegetables', NULL, '12:23:40', '2018-05-25', 1, NULL, NULL, 480, NULL, NULL, 2),
(203, '3', 'Grains', NULL, '03:23:19', '2018-05-25', 1, NULL, NULL, 496, NULL, NULL, 2),
(204, '4', 'Protein', NULL, '20:09:03', '2018-05-25', 1, NULL, NULL, 597, NULL, NULL, 2),
(205, '5', 'Dairy', NULL, '05:06:32', '2018-05-25', 1, NULL, NULL, 453, NULL, NULL, 2),
(206, '1', 'Fruits', NULL, '05:20:59', '2018-04-15', 1, NULL, NULL, 423, NULL, NULL, 2),
(207, '2', 'Vegetables', NULL, '00:12:16', '2018-04-15', 1, NULL, NULL, 552, NULL, NULL, 2),
(208, '3', 'Grains', NULL, '03:40:50', '2018-04-15', 1, NULL, NULL, 452, NULL, NULL, 2),
(209, '4', 'Protein', NULL, '11:22:57', '2018-04-15', 1, NULL, NULL, 457, NULL, NULL, 2),
(210, '5', 'Dairy', NULL, '01:21:28', '2018-04-15', 1, NULL, NULL, 425, NULL, NULL, 2),
(211, '1', 'Fruits', NULL, '22:34:14', '2018-04-16', 1, NULL, NULL, 359, NULL, NULL, 2),
(212, '2', 'Vegetables', NULL, '05:24:03', '2018-04-16', 1, NULL, NULL, 420, NULL, NULL, 2),
(213, '3', 'Grains', NULL, '12:59:23', '2018-04-16', 1, NULL, NULL, 597, NULL, NULL, 2),
(214, '4', 'Protein', NULL, '20:42:39', '2018-04-16', 1, NULL, NULL, 465, NULL, NULL, 2),
(215, '5', 'Dairy', NULL, '20:01:05', '2018-04-16', 1, NULL, NULL, 620, NULL, NULL, 2),
(216, '1', 'Fruits', NULL, '21:17:57', '2018-04-17', 1, NULL, NULL, 587, NULL, NULL, 2),
(217, '2', 'Vegetables', NULL, '13:09:58', '2018-04-17', 1, NULL, NULL, 409, NULL, NULL, 2),
(218, '3', 'Grains', NULL, '01:03:23', '2018-04-17', 1, NULL, NULL, 570, NULL, NULL, 2),
(219, '4', 'Protein', NULL, '06:38:43', '2018-04-17', 1, NULL, NULL, 470, NULL, NULL, 2),
(220, '5', 'Dairy', NULL, '21:45:41', '2018-04-17', 1, NULL, NULL, 334, NULL, NULL, 2),
(221, '1', 'Fruits', NULL, '08:05:12', '2018-04-18', 1, NULL, NULL, 385, NULL, NULL, 2),
(222, '2', 'Vegetables', NULL, '19:21:52', '2018-04-18', 1, NULL, NULL, 354, NULL, NULL, 2),
(223, '3', 'Grains', NULL, '04:59:33', '2018-04-18', 1, NULL, NULL, 478, NULL, NULL, 2),
(224, '4', 'Protein', NULL, '07:39:07', '2018-04-18', 1, NULL, NULL, 429, NULL, NULL, 2),
(225, '5', 'Dairy', NULL, '08:25:20', '2018-04-18', 1, NULL, NULL, 458, NULL, NULL, 2),
(226, '1', 'Fruits', NULL, '16:05:49', '2018-04-19', 1, NULL, NULL, 359, NULL, NULL, 2),
(227, '2', 'Vegetables', NULL, '13:59:36', '2018-04-19', 1, NULL, NULL, 622, NULL, NULL, 2),
(228, '3', 'Grains', NULL, '01:37:09', '2018-04-19', 1, NULL, NULL, 537, NULL, NULL, 2),
(229, '4', 'Protein', NULL, '22:10:56', '2018-04-19', 1, NULL, NULL, 433, NULL, NULL, 2),
(230, '5', 'Dairy', NULL, '12:38:12', '2018-04-19', 1, NULL, NULL, 373, NULL, NULL, 2),
(231, '1', 'Fruits', NULL, '19:43:58', '2018-04-20', 1, NULL, NULL, 599, NULL, NULL, 2),
(232, '2', 'Vegetables', NULL, '02:25:05', '2018-04-20', 1, NULL, NULL, 362, NULL, NULL, 2),
(233, '3', 'Grains', NULL, '00:35:18', '2018-04-20', 1, NULL, NULL, 353, NULL, NULL, 2),
(234, '4', 'Protein', NULL, '04:13:20', '2018-04-20', 1, NULL, NULL, 598, NULL, NULL, 2),
(235, '5', 'Dairy', NULL, '14:09:40', '2018-04-20', 1, NULL, NULL, 379, NULL, NULL, 2),
(236, '1', 'Fruits', NULL, '03:12:52', '2018-04-21', 1, NULL, NULL, 629, NULL, NULL, 2),
(237, '2', 'Vegetables', NULL, '06:00:55', '2018-04-21', 1, NULL, NULL, 540, NULL, NULL, 2),
(238, '3', 'Grains', NULL, '16:08:12', '2018-04-21', 1, NULL, NULL, 368, NULL, NULL, 2),
(239, '4', 'Protein', NULL, '15:35:37', '2018-04-21', 1, NULL, NULL, 417, NULL, NULL, 2),
(240, '5', 'Dairy', NULL, '00:36:21', '2018-04-21', 1, NULL, NULL, 491, NULL, NULL, 2),
(241, '1', 'Fruits', NULL, '05:34:35', '2018-04-22', 1, NULL, NULL, 366, NULL, NULL, 2),
(242, '2', 'Vegetables', NULL, '15:34:29', '2018-04-22', 1, NULL, NULL, 529, NULL, NULL, 2),
(243, '3', 'Grains', NULL, '02:51:41', '2018-04-22', 1, NULL, NULL, 620, NULL, NULL, 2),
(244, '4', 'Protein', NULL, '22:05:14', '2018-04-22', 1, NULL, NULL, 594, NULL, NULL, 2),
(245, '5', 'Dairy', NULL, '13:53:13', '2018-04-22', 1, NULL, NULL, 416, NULL, NULL, 2),
(246, '1', 'Fruits', NULL, '05:36:53', '2018-04-23', 1, NULL, NULL, 521, NULL, NULL, 2),
(247, '2', 'Vegetables', NULL, '08:25:49', '2018-04-23', 1, NULL, NULL, 517, NULL, NULL, 2),
(248, '3', 'Grains', NULL, '11:33:20', '2018-04-23', 1, NULL, NULL, 579, NULL, NULL, 2),
(249, '4', 'Protein', NULL, '09:18:47', '2018-04-23', 1, NULL, NULL, 615, NULL, NULL, 2),
(250, '5', 'Dairy', NULL, '14:54:08', '2018-04-23', 1, NULL, NULL, 353, NULL, NULL, 2),
(251, '1', 'Fruits', NULL, '03:45:58', '2018-04-24', 1, NULL, NULL, 609, NULL, NULL, 2),
(252, '2', 'Vegetables', NULL, '21:57:35', '2018-04-24', 1, NULL, NULL, 452, NULL, NULL, 2),
(253, '3', 'Grains', NULL, '19:37:16', '2018-04-24', 1, NULL, NULL, 453, NULL, NULL, 2),
(254, '4', 'Protein', NULL, '04:08:38', '2018-04-24', 1, NULL, NULL, 624, NULL, NULL, 2),
(255, '5', 'Dairy', NULL, '05:25:50', '2018-04-24', 1, NULL, NULL, 389, NULL, NULL, 2),
(256, '1', 'Fruits', NULL, '22:54:04', '2018-04-25', 1, NULL, NULL, 430, NULL, NULL, 2),
(257, '2', 'Vegetables', NULL, '01:39:13', '2018-04-25', 1, NULL, NULL, 328, NULL, NULL, 2),
(258, '3', 'Grains', NULL, '22:31:48', '2018-04-25', 1, NULL, NULL, 448, NULL, NULL, 2),
(259, '4', 'Protein', NULL, '05:22:23', '2018-04-25', 1, NULL, NULL, 436, NULL, NULL, 2),
(260, '5', 'Dairy', NULL, '08:12:58', '2018-04-25', 1, NULL, NULL, 391, NULL, NULL, 2),
(261, '1', 'Fruits', NULL, '18:11:23', '2018-04-26', 1, NULL, NULL, 336, NULL, NULL, 2),
(262, '2', 'Vegetables', NULL, '10:59:45', '2018-04-26', 1, NULL, NULL, 400, NULL, NULL, 2),
(263, '3', 'Grains', NULL, '17:11:13', '2018-04-26', 1, NULL, NULL, 530, NULL, NULL, 2),
(264, '4', 'Protein', NULL, '04:16:40', '2018-04-26', 1, NULL, NULL, 321, NULL, NULL, 2),
(265, '5', 'Dairy', NULL, '21:57:38', '2018-04-26', 1, NULL, NULL, 484, NULL, NULL, 2),
(266, '1', 'Fruits', NULL, '21:07:02', '2018-04-27', 1, NULL, NULL, 475, NULL, NULL, 2),
(267, '2', 'Vegetables', NULL, '06:20:58', '2018-04-27', 1, NULL, NULL, 327, NULL, NULL, 2),
(268, '3', 'Grains', NULL, '23:18:08', '2018-04-27', 1, NULL, NULL, 591, NULL, NULL, 2),
(269, '4', 'Protein', NULL, '12:18:05', '2018-04-27', 1, NULL, NULL, 457, NULL, NULL, 2),
(270, '5', 'Dairy', NULL, '12:30:32', '2018-04-27', 1, NULL, NULL, 406, NULL, NULL, 2),
(271, '1', 'Fruits', NULL, '23:22:16', '2018-04-28', 1, NULL, NULL, 623, NULL, NULL, 2),
(272, '2', 'Vegetables', NULL, '10:45:34', '2018-04-28', 1, NULL, NULL, 630, NULL, NULL, 2),
(273, '3', 'Grains', NULL, '09:36:08', '2018-04-28', 1, NULL, NULL, 613, NULL, NULL, 2),
(274, '4', 'Protein', NULL, '22:33:13', '2018-04-28', 1, NULL, NULL, 335, NULL, NULL, 2),
(275, '5', 'Dairy', NULL, '17:43:33', '2018-04-28', 1, NULL, NULL, 526, NULL, NULL, 2),
(276, '1', 'Fruits', NULL, '23:22:40', '2018-04-29', 1, NULL, NULL, 543, NULL, NULL, 2),
(277, '2', 'Vegetables', NULL, '02:40:49', '2018-04-29', 1, NULL, NULL, 487, NULL, NULL, 2),
(278, '3', 'Grains', NULL, '22:26:28', '2018-04-29', 1, NULL, NULL, 474, NULL, NULL, 2),
(279, '4', 'Protein', NULL, '03:20:13', '2018-04-29', 1, NULL, NULL, 332, NULL, NULL, 2),
(280, '5', 'Dairy', NULL, '09:29:22', '2018-04-29', 1, NULL, NULL, 505, NULL, NULL, 2),
(281, '1', 'Fruits', NULL, '02:51:29', '2018-04-30', 1, NULL, NULL, 463, NULL, NULL, 2),
(282, '2', 'Vegetables', NULL, '16:57:10', '2018-04-30', 1, NULL, NULL, 404, NULL, NULL, 2),
(283, '3', 'Grains', NULL, '18:33:59', '2018-04-30', 1, NULL, NULL, 594, NULL, NULL, 2),
(284, '4', 'Protein', NULL, '23:00:07', '2018-04-30', 1, NULL, NULL, 609, NULL, NULL, 2),
(285, '5', 'Dairy', NULL, '17:39:59', '2018-04-30', 1, NULL, NULL, 390, NULL, NULL, 2),
(286, '1', 'Fruits', NULL, '12:17:32', '2018-05-01', 1, NULL, NULL, 365, NULL, NULL, 2),
(287, '2', 'Vegetables', NULL, '13:10:09', '2018-05-01', 1, NULL, NULL, 405, NULL, NULL, 2),
(288, '3', 'Grains', NULL, '19:41:47', '2018-05-01', 1, NULL, NULL, 525, NULL, NULL, 2),
(289, '4', 'Protein', NULL, '02:29:59', '2018-05-01', 1, NULL, NULL, 562, NULL, NULL, 2),
(290, '5', 'Dairy', NULL, '03:09:04', '2018-05-01', 1, NULL, NULL, 629, NULL, NULL, 2),
(291, '1', 'Fruits', NULL, '15:57:17', '2018-05-02', 1, NULL, NULL, 414, NULL, NULL, 2),
(292, '2', 'Vegetables', NULL, '13:37:13', '2018-05-02', 1, NULL, NULL, 608, NULL, NULL, 2),
(293, '3', 'Grains', NULL, '14:22:40', '2018-05-02', 1, NULL, NULL, 553, NULL, NULL, 2),
(294, '4', 'Protein', NULL, '06:16:33', '2018-05-02', 1, NULL, NULL, 412, NULL, NULL, 2),
(295, '5', 'Dairy', NULL, '17:25:08', '2018-05-02', 1, NULL, NULL, 337, NULL, NULL, 2),
(296, '1', 'Fruits', NULL, '00:42:23', '2018-05-03', 1, NULL, NULL, 560, NULL, NULL, 2),
(297, '2', 'Vegetables', NULL, '11:17:12', '2018-05-03', 1, NULL, NULL, 354, NULL, NULL, 2),
(298, '3', 'Grains', NULL, '12:21:15', '2018-05-03', 1, NULL, NULL, 599, NULL, NULL, 2),
(299, '4', 'Protein', NULL, '20:39:18', '2018-05-03', 1, NULL, NULL, 585, NULL, NULL, 2),
(300, '5', 'Dairy', NULL, '02:48:39', '2018-05-03', 1, NULL, NULL, 385, NULL, NULL, 2),
(301, '1', 'Fruits', NULL, '19:28:27', '2018-05-04', 1, NULL, NULL, 457, NULL, NULL, 2),
(302, '2', 'Vegetables', NULL, '00:03:24', '2018-05-04', 1, NULL, NULL, 423, NULL, NULL, 2),
(303, '3', 'Grains', NULL, '17:14:47', '2018-05-04', 1, NULL, NULL, 640, NULL, NULL, 2),
(304, '4', 'Protein', NULL, '09:21:45', '2018-05-04', 1, NULL, NULL, 501, NULL, NULL, 2),
(305, '5', 'Dairy', NULL, '14:00:51', '2018-05-04', 1, NULL, NULL, 333, NULL, NULL, 2),
(306, '1', 'Fruits', NULL, '22:37:11', '2018-05-05', 1, NULL, NULL, 521, NULL, NULL, 2),
(307, '2', 'Vegetables', NULL, '18:12:12', '2018-05-05', 1, NULL, NULL, 460, NULL, NULL, 2),
(308, '3', 'Grains', NULL, '09:00:18', '2018-05-05', 1, NULL, NULL, 361, NULL, NULL, 2),
(309, '4', 'Protein', NULL, '04:56:07', '2018-05-05', 1, NULL, NULL, 404, NULL, NULL, 2),
(310, '5', 'Dairy', NULL, '05:36:21', '2018-05-05', 1, NULL, NULL, 564, NULL, NULL, 2),
(311, '1', 'Fruits', NULL, '02:18:23', '2018-05-06', 1, NULL, NULL, 462, NULL, NULL, 2),
(312, '2', 'Vegetables', NULL, '06:19:26', '2018-05-06', 1, NULL, NULL, 515, NULL, NULL, 2),
(313, '3', 'Grains', NULL, '14:11:12', '2018-05-06', 1, NULL, NULL, 506, NULL, NULL, 2),
(314, '4', 'Protein', NULL, '01:33:25', '2018-05-06', 1, NULL, NULL, 470, NULL, NULL, 2),
(315, '5', 'Dairy', NULL, '09:11:22', '2018-05-06', 1, NULL, NULL, 483, NULL, NULL, 2),
(316, '1', 'Fruits', NULL, '15:01:12', '2018-05-07', 1, NULL, NULL, 579, NULL, NULL, 2),
(317, '2', 'Vegetables', NULL, '22:15:52', '2018-05-07', 1, NULL, NULL, 495, NULL, NULL, 2),
(318, '3', 'Grains', NULL, '14:56:46', '2018-05-07', 1, NULL, NULL, 382, NULL, NULL, 2),
(319, '4', 'Protein', NULL, '15:10:46', '2018-05-07', 1, NULL, NULL, 533, NULL, NULL, 2),
(320, '5', 'Dairy', NULL, '18:00:26', '2018-05-07', 1, NULL, NULL, 437, NULL, NULL, 2),
(321, '1', 'Fruits', NULL, '05:19:42', '2018-05-08', 1, NULL, NULL, 594, NULL, NULL, 2),
(322, '2', 'Vegetables', NULL, '05:14:27', '2018-05-08', 1, NULL, NULL, 501, NULL, NULL, 2),
(323, '3', 'Grains', NULL, '19:34:04', '2018-05-08', 1, NULL, NULL, 499, NULL, NULL, 2),
(324, '4', 'Protein', NULL, '15:43:35', '2018-05-08', 1, NULL, NULL, 332, NULL, NULL, 2),
(325, '5', 'Dairy', NULL, '14:28:54', '2018-05-08', 1, NULL, NULL, 435, NULL, NULL, 2),
(326, '1', 'Fruits', NULL, '21:28:43', '2018-05-09', 1, NULL, NULL, 378, NULL, NULL, 2),
(327, '2', 'Vegetables', NULL, '06:34:32', '2018-05-09', 1, NULL, NULL, 327, NULL, NULL, 2),
(328, '3', 'Grains', NULL, '18:06:35', '2018-05-09', 1, NULL, NULL, 557, NULL, NULL, 2),
(329, '4', 'Protein', NULL, '17:17:19', '2018-05-09', 1, NULL, NULL, 622, NULL, NULL, 2),
(330, '5', 'Dairy', NULL, '09:00:42', '2018-05-09', 1, NULL, NULL, 489, NULL, NULL, 2),
(331, '1', 'Fruits', NULL, '03:57:08', '2018-05-10', 1, NULL, NULL, 521, NULL, NULL, 2),
(332, '2', 'Vegetables', NULL, '03:57:44', '2018-05-10', 1, NULL, NULL, 380, NULL, NULL, 2),
(333, '3', 'Grains', NULL, '02:27:17', '2018-05-10', 1, NULL, NULL, 611, NULL, NULL, 2),
(334, '4', 'Protein', NULL, '00:36:26', '2018-05-10', 1, NULL, NULL, 420, NULL, NULL, 2),
(335, '5', 'Dairy', NULL, '09:14:00', '2018-05-10', 1, NULL, NULL, 573, NULL, NULL, 2),
(336, '1', 'Fruits', NULL, '01:00:20', '2018-05-11', 1, NULL, NULL, 599, NULL, NULL, 2),
(337, '2', 'Vegetables', NULL, '01:34:05', '2018-05-11', 1, NULL, NULL, 572, NULL, NULL, 2),
(338, '3', 'Grains', NULL, '12:13:07', '2018-05-11', 1, NULL, NULL, 611, NULL, NULL, 2),
(339, '4', 'Protein', NULL, '15:58:51', '2018-05-11', 1, NULL, NULL, 582, NULL, NULL, 2),
(340, '5', 'Dairy', NULL, '15:10:18', '2018-05-11', 1, NULL, NULL, 591, NULL, NULL, 2),
(341, '1', 'Fruits', NULL, '23:12:02', '2018-05-12', 1, NULL, NULL, 428, NULL, NULL, 2),
(342, '2', 'Vegetables', NULL, '00:02:38', '2018-05-12', 1, NULL, NULL, 509, NULL, NULL, 2),
(343, '3', 'Grains', NULL, '03:55:21', '2018-05-12', 1, NULL, NULL, 323, NULL, NULL, 2),
(344, '4', 'Protein', NULL, '12:14:07', '2018-05-12', 1, NULL, NULL, 375, NULL, NULL, 2),
(345, '5', 'Dairy', NULL, '06:40:30', '2018-05-12', 1, NULL, NULL, 629, NULL, NULL, 2),
(346, '1', 'Fruits', NULL, '12:48:00', '2018-05-13', 1, NULL, NULL, 390, NULL, NULL, 2),
(347, '2', 'Vegetables', NULL, '08:26:08', '2018-05-13', 1, NULL, NULL, 372, NULL, NULL, 2),
(348, '3', 'Grains', NULL, '03:56:35', '2018-05-13', 1, NULL, NULL, 598, NULL, NULL, 2),
(349, '4', 'Protein', NULL, '06:27:29', '2018-05-13', 1, NULL, NULL, 507, NULL, NULL, 2),
(350, '5', 'Dairy', NULL, '18:12:12', '2018-05-13', 1, NULL, NULL, 558, NULL, NULL, 2),
(351, '1', 'Fruits', NULL, '21:26:31', '2018-05-14', 1, NULL, NULL, 564, NULL, NULL, 2),
(352, '2', 'Vegetables', NULL, '04:43:07', '2018-05-14', 1, NULL, NULL, 523, NULL, NULL, 2),
(353, '3', 'Grains', NULL, '20:31:21', '2018-05-14', 1, NULL, NULL, 353, NULL, NULL, 2),
(354, '4', 'Protein', NULL, '19:10:53', '2018-05-14', 1, NULL, NULL, 574, NULL, NULL, 2),
(355, '5', 'Dairy', NULL, '22:16:41', '2018-05-14', 1, NULL, NULL, 527, NULL, NULL, 2),
(356, '1', 'Fruits', NULL, '00:56:43', '2018-05-15', 1, NULL, NULL, 528, NULL, NULL, 2),
(357, '2', 'Vegetables', NULL, '01:10:02', '2018-05-15', 1, NULL, NULL, 613, NULL, NULL, 2),
(358, '3', 'Grains', NULL, '16:07:28', '2018-05-15', 1, NULL, NULL, 423, NULL, NULL, 2),
(359, '4', 'Protein', NULL, '10:03:17', '2018-05-15', 1, NULL, NULL, 563, NULL, NULL, 2),
(360, '5', 'Dairy', NULL, '09:58:33', '2018-05-15', 1, NULL, NULL, 463, NULL, NULL, 2),
(361, '1', 'Fruits', NULL, '01:26:59', '2018-05-16', 1, NULL, NULL, 583, NULL, NULL, 2),
(362, '2', 'Vegetables', NULL, '11:48:29', '2018-05-16', 1, NULL, NULL, 608, NULL, NULL, 2),
(363, '3', 'Grains', NULL, '09:47:07', '2018-05-16', 1, NULL, NULL, 508, NULL, NULL, 2),
(364, '4', 'Protein', NULL, '21:49:52', '2018-05-16', 1, NULL, NULL, 354, NULL, NULL, 2),
(365, '5', 'Dairy', NULL, '14:19:05', '2018-05-16', 1, NULL, NULL, 522, NULL, NULL, 2),
(366, '1', 'Fruits', NULL, '10:05:03', '2018-05-17', 1, NULL, NULL, 637, NULL, NULL, 2),
(367, '2', 'Vegetables', NULL, '05:54:22', '2018-05-17', 1, NULL, NULL, 579, NULL, NULL, 2),
(368, '3', 'Grains', NULL, '18:53:58', '2018-05-17', 1, NULL, NULL, 601, NULL, NULL, 2),
(369, '4', 'Protein', NULL, '13:47:45', '2018-05-17', 1, NULL, NULL, 351, NULL, NULL, 2),
(370, '5', 'Dairy', NULL, '18:45:13', '2018-05-17', 1, NULL, NULL, 552, NULL, NULL, 2),
(371, '1', 'Fruits', NULL, '09:27:51', '2018-05-18', 1, NULL, NULL, 548, NULL, NULL, 2),
(372, '2', 'Vegetables', NULL, '06:19:39', '2018-05-18', 1, NULL, NULL, 361, NULL, NULL, 2),
(373, '3', 'Grains', NULL, '11:15:39', '2018-05-18', 1, NULL, NULL, 404, NULL, NULL, 2),
(374, '4', 'Protein', NULL, '10:14:58', '2018-05-18', 1, NULL, NULL, 574, NULL, NULL, 2),
(375, '5', 'Dairy', NULL, '16:02:18', '2018-05-18', 1, NULL, NULL, 530, NULL, NULL, 2),
(376, '1', 'Fruits', NULL, '06:08:44', '2018-05-19', 1, NULL, NULL, 489, NULL, NULL, 2),
(377, '2', 'Vegetables', NULL, '00:23:04', '2018-05-19', 1, NULL, NULL, 368, NULL, NULL, 2),
(378, '3', 'Grains', NULL, '20:38:02', '2018-05-19', 1, NULL, NULL, 618, NULL, NULL, 2),
(379, '4', 'Protein', NULL, '02:11:25', '2018-05-19', 1, NULL, NULL, 452, NULL, NULL, 2),
(380, '5', 'Dairy', NULL, '13:19:20', '2018-05-19', 1, NULL, NULL, 541, NULL, NULL, 2),
(381, '1', 'Fruits', NULL, '03:21:00', '2018-05-20', 1, NULL, NULL, 612, NULL, NULL, 2),
(382, '2', 'Vegetables', NULL, '21:50:05', '2018-05-20', 1, NULL, NULL, 399, NULL, NULL, 2),
(383, '3', 'Grains', NULL, '21:43:26', '2018-05-20', 1, NULL, NULL, 466, NULL, NULL, 2),
(384, '4', 'Protein', NULL, '18:26:49', '2018-05-20', 1, NULL, NULL, 507, NULL, NULL, 2),
(385, '5', 'Dairy', NULL, '02:45:26', '2018-05-20', 1, NULL, NULL, 478, NULL, NULL, 2),
(386, '1', 'Fruits', NULL, '03:30:27', '2018-05-21', 1, NULL, NULL, 334, NULL, NULL, 2),
(387, '2', 'Vegetables', NULL, '07:49:40', '2018-05-21', 1, NULL, NULL, 452, NULL, NULL, 2),
(388, '3', 'Grains', NULL, '01:20:36', '2018-05-21', 1, NULL, NULL, 489, NULL, NULL, 2),
(389, '4', 'Protein', NULL, '16:07:59', '2018-05-21', 1, NULL, NULL, 617, NULL, NULL, 2),
(390, '5', 'Dairy', NULL, '22:23:40', '2018-05-21', 1, NULL, NULL, 463, NULL, NULL, 2),
(391, '1', 'Fruits', NULL, '02:28:53', '2018-05-22', 1, NULL, NULL, 630, NULL, NULL, 2),
(392, '2', 'Vegetables', NULL, '18:55:12', '2018-05-22', 1, NULL, NULL, 576, NULL, NULL, 2);

-- --------------------------------------------------------

--
-- Table structure for table `meallevel`
--

CREATE TABLE `meallevel` (
  `mlid` int(11) NOT NULL,
  `mllevel` int(11) NOT NULL,
  `foodid` int(11) NOT NULL,
  `quantity` decimal(3,1) NOT NULL
) ENGINE=MyISAM DEFAULT CHARSET=latin1;

--
-- Dumping data for table `meallevel`
--

INSERT INTO `meallevel` (`mlid`, `mllevel`, `foodid`, `quantity`) VALUES
(1, 1600, 1, '1.5'),
(1, 1600, 2, '2.0'),
(1, 1600, 3, '5.0'),
(1, 1600, 4, '5.0'),
(1, 1600, 5, '3.0'),
(2, 1800, 1, '1.5'),
(2, 1800, 2, '2.5'),
(2, 1800, 3, '6.0'),
(2, 1800, 4, '5.0'),
(2, 1800, 5, '3.0'),
(3, 2000, 1, '2.0'),
(3, 2000, 2, '2.5'),
(3, 2000, 3, '6.0'),
(3, 2000, 4, '5.5'),
(3, 2000, 5, '3.0'),
(4, 2200, 1, '2.0'),
(4, 2200, 2, '3.0'),
(4, 2200, 3, '7.0'),
(4, 2200, 4, '6.0'),
(4, 2200, 5, '3.0'),
(5, 2400, 1, '2.0'),
(5, 2400, 2, '3.0'),
(5, 2400, 3, '8.0'),
(5, 2400, 4, '6.5'),
(5, 2400, 5, '3.0'),
(6, 2600, 1, '2.0'),
(6, 2600, 2, '3.5'),
(6, 2600, 3, '9.0'),
(6, 2600, 4, '6.5'),
(6, 2600, 5, '3.0'),
(7, 2800, 1, '2.5'),
(7, 2800, 2, '3.5'),
(7, 2800, 3, '10.0'),
(7, 2800, 4, '7.0'),
(7, 2800, 5, '3.0'),
(8, 3000, 1, '2.5'),
(8, 3000, 2, '4.0'),
(8, 3000, 3, '10.0'),
(8, 3000, 4, '7.0'),
(8, 3000, 5, '3.0'),
(9, 3200, 1, '2.5'),
(9, 3200, 2, '4.0'),
(9, 3200, 3, '10.0'),
(9, 3200, 4, '7.0'),
(9, 3200, 5, '3.0');

-- --------------------------------------------------------

--
-- Table structure for table `plan`
--

CREATE TABLE `plan` (
  `userid` int(11) NOT NULL,
  `pweight` float NOT NULL,
  `ptime` int(11) NOT NULL,
  `calories_change_by_activities` float NOT NULL,
  `meal_level` int(11) NOT NULL,
  `time_updated` date NOT NULL
) ENGINE=MyISAM DEFAULT CHARSET=latin1;

--
-- Dumping data for table `plan`
--

INSERT INTO `plan` (`userid`, `pweight`, `ptime`, `calories_change_by_activities`, `meal_level`, `time_updated`) VALUES
(2, 80, 4, 4457.14, 1600, '2018-05-30'),
(1, 20, 20, 1742.86, 1600, '0000-00-00'),
(2, 80, 4, 4457.14, 1600, '2018-06-03'),
(0, 80, 10, 2742.86, 1600, '0000-00-00'),
(0, 80, 2, 7314.29, 1600, '0000-00-00');

-- --------------------------------------------------------

--
-- Table structure for table `user`
--

CREATE TABLE `user` (
  `userid` int(11) NOT NULL,
  `password` char(40) COLLATE utf8_unicode_ci DEFAULT NULL,
  `secquestion` varchar(45) COLLATE utf8_unicode_ci DEFAULT NULL,
  `secanswer` varchar(45) COLLATE utf8_unicode_ci DEFAULT NULL,
  `email` varchar(45) COLLATE utf8_unicode_ci DEFAULT NULL
) ENGINE=MyISAM DEFAULT CHARSET=utf8 COLLATE=utf8_unicode_ci;

--
-- Dumping data for table `user`
--

INSERT INTO `user` (`userid`, `password`, `secquestion`, `secanswer`, `email`) VALUES
(1, 'test', 'Curae; Phasellus ornare. Fusce mollis. Duis s', 'Nullam', 'test@test.com'),
(2, 'test1', 'felis orci, adipiscing non, luctus sit amet, ', 'non', 'test1@test1.com'),
(3, 'test2', 'Sed pharetra, felis eget varius ultrices, mau', 'pharetra', 'test2@test2.com'),
(4, 'test3', 'vel, mauris. Integer sem elit, pharetra ut, p', 'id', 'test3@test3.com'),
(5, 'sed', 'nec, imperdiet nec, leo. Morbi neque tellus, ', 'tempus', 'Proin.velit.Sed@orciUtsagittis.ca'),
(6, 'et,', 'dolor sit amet, consectetuer adipiscing elit.', 'morbi', 'gravida@a.co.uk'),
(7, 'sem', 'pede. Cras vulputate velit eu sem. Pellentesq', 'tellus.', 'nonummy.ultricies.ornare@ametorci.co.uk'),
(8, 'taciti', 'scelerisque neque. Nullam nisl. Maecenas male', 'tellus', 'dis.parturient@pedeblanditcongue.com'),
(9, 'quam.', 'ipsum primis in faucibus orci luctus et ultri', 'augue', 'In.tincidunt.congue@metusAeneansed.edu'),
(10, 'tincidunt', 'libero est, congue a, aliquet vel, vulputate ', 'ante.', 'ornare@loremipsum.edu'),
(11, 'mauris.', 'Phasellus at augue id ante dictum cursus. Nun', 'Nam', 'commodo.hendrerit.Donec@convallisdolor.org'),
(12, 'nunc.', 'lorem. Donec elementum, lorem ut aliquam iacu', 'Class', 'Donec@Nunc.com'),
(13, 'et', 'non sapien molestie orci tincidunt adipiscing', 'pede,', 'vulputate.mauris.sagittis@Nunc.org'),
(14, 'lacinia', 'varius ultrices, mauris ipsum porta elit, a f', 'ac,', 'Nam.ligula.elit@dolor.net'),
(15, 'rhoncus.', 'libero mauris, aliquam eu, accumsan sed, faci', 'odio,', 'ac@Proinnisl.net'),
(16, 'erat.', 'lacus, varius et, euismod et, commodo at, lib', 'dapibus', 'Fusce.mi@lacusUtnec.co.uk'),
(17, 'augue', 'nunc nulla vulputate dui, nec tempus mauris e', 'pede', 'gravida.sit.amet@parturientmontes.edu'),
(18, 'imperdiet', 'elementum sem, vitae aliquam eros turpis non ', 'tincidunt,', 'Duis@adipiscingfringilla.net'),
(19, 'blandit.', 'dictum. Phasellus in felis. Nulla tempor augu', 'molestie.', 'nibh.dolor.nonummy@commodo.ca'),
(20, 'Sed', 'ut aliquam iaculis, lacus pede sagittis augue', 'ac', 'arcu.Vivamus@vitae.ca'),
(21, 'dictum', 'arcu eu odio tristique pharetra. Quisque ac l', 'tempus', 'sed.orci@DuisgravidaPraesent.org'),
(22, 'in,', 'aliquet. Proin velit. Sed malesuada augue ut ', 'Phasellus', 'Suspendisse@Cum.edu'),
(23, 'Phasellus', 'sit amet risus. Donec egestas. Aliquam nec en', 'Quisque', 'id@lacus.edu'),
(24, 'dui.', 'magna. Lorem ipsum dolor sit amet, consectetu', 'libero', 'Quisque@amagnaLorem.ca'),
(25, 'enim', 'metus. In lorem. Donec elementum, lorem ut al', 'ultrices', 'eget.lacus.Mauris@condimentumDonec.org'),
(26, 'fringilla', 'tempus non, lacinia at, iaculis quis, pede. P', 'natoque', 'risus@nibhsit.com'),
(27, 'luctus', 'erat. Sed nunc est, mollis non, cursus non, e', 'non,', 'a.enim@urna.com'),
(28, 'ut,', 'Nam porttitor scelerisque neque. Nullam nisl.', 'nibh', 'Suspendisse.non.leo@euismodac.co.uk'),
(29, 'non,', 'posuere at, velit. Cras lorem lorem, luctus u', 'lobortis', 'egestas.Duis@pharetraut.net'),
(30, 'sed', 'felis purus ac tellus. Suspendisse sed dolor.', 'leo,', 'in.felis.Nulla@metusfacilisis.edu'),
(31, 'ipsum', 'risus. Donec egestas. Aliquam nec enim. Nunc ', 'nisi.', 'In@tristique.org'),
(32, 'aliquet', 'Cras eget nisi dictum augue malesuada malesua', 'magna', 'Phasellus.elit.pede@nonhendrerit.edu'),
(33, 'Duis', 'ligula. Nullam enim. Sed nulla ante, iaculis ', 'metus', 'molestie.dapibus.ligula@nonfeugiatnec.com'),
(34, 'et,', 'vel arcu. Curabitur ut odio vel est tempor bi', 'In', 'sapien@estac.ca'),
(35, 'Vivamus', 'leo, in lobortis tellus justo sit amet nulla.', 'tincidunt,', 'in@VivamusnisiMauris.com'),
(36, 'per', 'Integer eu lacus. Quisque imperdiet, erat non', 'ante', 'lorem.Donec.elementum@sapien.co.uk'),
(37, 'Vestibulum', 'eget ipsum. Suspendisse sagittis. Nullam vita', 'libero.', 'amet.metus@lobortisClassaptent.org'),
(38, 'metus.', 'mus. Donec dignissim magna a tortor. Nunc com', 'turpis.', 'enim.non@eu.edu'),
(39, 'ante', 'Donec egestas. Duis ac arcu. Nunc mauris. Mor', 'nec,', 'condimentum.Donec.at@Proin.co.uk'),
(40, 'montes,', 'amet ante. Vivamus non lorem vitae odio sagit', 'mauris', 'nec.imperdiet@malesuada.com'),
(41, 'natoque', 'pede. Praesent eu dui. Cum sociis natoque pen', 'congue,', 'sociosqu@imperdietornareIn.com'),
(42, 'eget,', 'Duis elementum, dui quis accumsan convallis, ', 'sodales', 'gravida.Aliquam@dolorsit.co.uk'),
(43, 'magna.', 'erat nonummy ultricies ornare, elit elit ferm', 'sed', 'Cras@eunibh.net'),
(44, 'in,', 'enim. Curabitur massa. Vestibulum accumsan ne', 'mollis', 'accumsan.interdum@dapibus.net'),
(45, 'magna', 'tellus id nunc interdum feugiat. Sed nec metu', 'Donec', 'cursus.diam@lectusjustoeu.edu'),
(46, 'dapibus', 'vitae mauris sit amet lorem semper auctor. Ma', 'ut,', 'Donec.nibh.enim@nislarcu.co.uk'),
(47, 'conubia', 'iaculis nec, eleifend non, dapibus rutrum, ju', 'Cum', 'purus.Maecenas.libero@tinciduntcongueturpis.e'),
(48, 'tincidunt,', 'aliquam eros turpis non enim. Mauris quis tur', 'dolor.', 'urna.et@Phasellusornare.co.uk'),
(49, 'porttitor', 'dolor, tempus non, lacinia at, iaculis quis, ', 'est', 'sem.eget@diamSeddiam.co.uk'),
(50, 'Morbi', 'varius ultrices, mauris ipsum porta elit, a f', 'et', 'erat.Etiam.vestibulum@Nunc.org'),
(51, 'Vivamus', 'Donec feugiat metus sit amet ante. Vivamus no', 'turpis.', 'aliquet.nec.imperdiet@duiaugue.edu'),
(52, 'augue', 'magna sed dui. Fusce aliquam, enim nec tempus', 'quis', 'faucibus.Morbi.vehicula@enimnec.com'),
(53, 'a', 'ac facilisis facilisis, magna tellus faucibus', 'augue,', 'dui.Cum@justo.edu'),
(54, 'Donec', 'nascetur ridiculus mus. Donec dignissim magna', 'varius.', 'dolor.Nulla@adipiscing.net'),
(55, 'Curabitur', 'Nunc lectus pede, ultrices a, auctor non, feu', 'velit.', 'Suspendisse@semperrutrum.org'),
(56, 'Aenean', 'Duis risus odio, auctor vitae, aliquet nec, i', 'quam.', 'In@ornare.edu'),
(57, 'arcu.', 'lobortis tellus justo sit amet nulla. Donec n', 'congue', 'nibh@sem.org'),
(58, 'a', 'Nunc mauris sapien, cursus in, hendrerit cons', 'dapibus', 'mollis.lectus.pede@Nullam.edu'),
(59, 'metus.', 'dictum sapien. Aenean massa. Integer vitae ni', 'magna.', 'ullamcorper.nisl@diam.com'),
(60, 'mattis.', 'quis lectus. Nullam suscipit, est ac facilisi', 'natoque', 'odio@Proinsed.edu'),
(61, 'iaculis,', 'Curabitur egestas nunc sed libero. Proin sed ', 'leo.', 'tincidunt.tempus.risus@sodales.co.uk'),
(62, 'vitae,', 'mauris erat eget ipsum. Suspendisse sagittis.', 'viverra.', 'magna.Suspendisse.tristique@non.net'),
(63, 'consectetuer', 'Donec luctus aliquet odio. Etiam ligula torto', 'quis', 'tempor@nisimagna.co.uk'),
(64, 'et', 'eu turpis. Nulla aliquet. Proin velit. Sed ma', 'Donec', 'tincidunt.Donec@urnaet.org'),
(65, 'laoreet,', 'euismod et, commodo at, libero. Morbi accumsa', 'adipiscing', 'sodales.Mauris.blandit@sedpedeCum.com'),
(66, 'accumsan', 'sociis natoque penatibus et magnis dis partur', 'est.', 'dictum.eleifend.nunc@rutrum.co.uk'),
(67, 'Cras', 'Phasellus dapibus quam quis diam. Pellentesqu', 'sodales.', 'orci.in.consequat@adipiscing.com'),
(68, 'odio.', 'egestas. Aliquam fringilla cursus purus. Null', 'Nunc', 'Quisque.porttitor.eros@viverraMaecenas.edu'),
(69, 'malesuada', 'at, egestas a, scelerisque sed, sapien. Nunc ', 'ipsum', 'lacus@liberolacus.edu'),
(70, 'risus', 'eu, eleifend nec, malesuada ut, sem. Nulla in', 'nisl', 'est.arcu@Proin.co.uk'),
(71, 'eu', 'sem, vitae aliquam eros turpis non enim. Maur', 'nascetur', 'lectus.quis.massa@elitAliquam.com'),
(72, 'conubia', 'pretium neque. Morbi quis urna. Nunc quis arc', 'laoreet,', 'malesuada.ut.sem@pede.ca'),
(73, 'tellus', 'libero lacus, varius et, euismod et, commodo ', 'varius.', 'neque.Morbi@aliquetodio.edu'),
(74, 'vel', 'Aliquam ornare, libero at auctor ullamcorper,', 'Sed', 'Maecenas.malesuada.fringilla@dictumeleifendnu'),
(75, 'nibh.', 'nec, eleifend non, dapibus rutrum, justo. Pra', 'scelerisque', 'ante.ipsum@arcuCurabitur.com'),
(76, 'nibh.', 'quis turpis vitae purus gravida sagittis. Dui', 'elit', 'morbi.tristique.senectus@aliquamenim.ca'),
(77, 'nisi', 'ac turpis egestas. Aliquam fringilla cursus p', 'gravida.', 'sapien.imperdiet@Maecenasmi.ca'),
(78, 'parturient', 'turpis egestas. Aliquam fringilla cursus puru', 'ac', 'Quisque.libero@convalliserat.net'),
(79, 'Quisque', 'primis in faucibus orci luctus et ultrices po', 'tempor', 'Duis@adipiscingMaurismolestie.org'),
(80, 'eleifend', 'tristique senectus et netus et malesuada fame', 'ultrices', 'odio@velesttempor.co.uk'),
(81, 'magna.', 'risus quis diam luctus lobortis. Class aptent', 'ut,', 'Pellentesque.habitant.morbi@arcuMorbisit.com'),
(82, 'feugiat.', 'facilisi. Sed neque. Sed eget lacus. Mauris n', 'Aliquam', 'ipsum@interdumenimnon.net'),
(83, 'at', 'at pretium aliquet, metus urna convallis erat', 'Integer', 'et.arcu@egestaslacinia.org'),
(84, 'congue', 'sit amet, faucibus ut, nulla. Cras eu tellus ', 'Aliquam', 'erat@nuncInat.com'),
(85, 'iaculis', 'Integer mollis. Integer tincidunt aliquam arc', 'elit.', 'tristique@velitinaliquet.org'),
(86, 'Aenean', 'augue id ante dictum cursus. Nunc mauris elit', 'posuere', 'parturient.montes.nascetur@bibendum.net'),
(87, 'Mauris', 'quam. Curabitur vel lectus. Cum sociis natoqu', 'accumsan', 'et.rutrum@auctorvelit.net'),
(88, 'Donec', 'ac urna. Ut tincidunt vehicula risus. Nulla e', 'eget', 'In.faucibus.Morbi@est.net'),
(89, 'arcu.', 'Lorem ipsum dolor sit amet, consectetuer adip', 'erat', 'Nullam.lobortis.quam@odioAliquamvulputate.edu'),
(90, 'mauris,', 'et malesuada fames ac turpis egestas. Fusce a', 'ornare.', 'nisl.sem@Phasellusfermentum.co.uk'),
(91, 'elementum,', 'sit amet ornare lectus justo eu arcu. Morbi s', 'Phasellus', 'ligula@dictumsapien.com'),
(92, 'ac,', 'est ac facilisis facilisis, magna tellus fauc', 'lectus', 'felis.eget.varius@Maurisnon.net'),
(93, 'nunc', 'Aliquam tincidunt, nunc ac mattis ornare, lec', 'tincidunt', 'Pellentesque.tincidunt@erat.edu'),
(94, 'metus.', 'purus mauris a nunc. In at pede. Cras vulputa', 'Proin', 'eu.turpis.Nulla@aduiCras.net'),
(95, 'egestas', 'neque. Sed eget lacus. Mauris non dui nec urn', 'elementum', 'vitae@bibendumsed.net'),
(96, 'eleifend', 'id sapien. Cras dolor dolor, tempus non, laci', 'mi', 'Quisque.ac@enimgravidasit.ca'),
(97, 'malesuada', 'tortor at risus. Nunc ac sem ut dolor dapibus', 'vestibulum.', 'Morbi.vehicula@variusNamporttitor.com'),
(98, 'vitae', 'laoreet, libero et tristique pellentesque, te', 'vestibulum,', 'eget.laoreet@sed.ca'),
(99, 'pellentesque,', 'et pede. Nunc sed orci lobortis augue sceleri', 'luctus', 'lorem.ut@maurisrhoncusid.com'),
(100, 'arcu.', 'erat nonummy ultricies ornare, elit elit ferm', 'nec,', 'ante.lectus@erosNamconsequat.com');

-- --------------------------------------------------------

--
-- Table structure for table `userdetails`
--

CREATE TABLE `userdetails` (
  `userid` int(11) NOT NULL,
  `fname` varchar(45) COLLATE utf8_unicode_ci DEFAULT NULL,
  `lname` varchar(45) COLLATE utf8_unicode_ci DEFAULT NULL,
  `dob` varchar(45) COLLATE utf8_unicode_ci DEFAULT NULL,
  `gender` char(1) COLLATE utf8_unicode_ci DEFAULT NULL,
  `profilepic` longblob,
  `ethnicity` varchar(45) COLLATE utf8_unicode_ci DEFAULT NULL
) ENGINE=MyISAM DEFAULT CHARSET=utf8 COLLATE=utf8_unicode_ci;

--
-- Dumping data for table `userdetails`
--

INSERT INTO `userdetails` (`userid`, `fname`, `lname`, `dob`, `gender`, `profilepic`, `ethnicity`) VALUES
(1, 'Clark', 'Hernandez', '11-07-1985', 'f', 0x4e354c20324b38, 'Heredia'),
(2, 'Alden', 'Reyes', '09-10-1994', 'm', 0x4e395020344237, 'Jnkpings ln'),
(3, 'Reese', 'Adkins', '19-04-1963', 'f', 0x56385820334f37, 'HH'),
(4, 'William', 'Gates', '13-09-1983', 'm', 0x43345620334832, 'North Island'),
(5, 'Gray', 'Mullen', '18-02-1982', 'f', 0x4c324820364136, 'Derbyshire'),
(6, 'Nehru', 'Valencia', '24-12-2006', 'm', 0x49395120364c32, 'QC'),
(7, 'Wang', 'Frye', '25-09-1988', 'f', 0x51335020364934, 'IX'),
(8, 'Nero', 'Cooley', '09-02-1999', 'm', 0x57344a20315939, 'AR'),
(9, 'Charles', 'Matthews', '01-07-1993', 'f', 0x45324b20374a39, 'Hamburg'),
(10, 'Noah', 'Stanton', '22-05-1983', 'm', 0x5a345620394632, 'So Paulo'),
(11, 'Wayne', 'Berg', '24-11-2003', 'f', 0x43354720344637, 'Jigawa'),
(12, 'Adam', 'Hayes', '04-11-1976', 'm', 0x4b345320345330, 'Aragn'),
(13, 'Damon', 'Navarro', '01-09-1970', 'f', 0x49375720345031, 'U'),
(14, 'Armando', 'Barr', '21-12-1986', 'm', 0x44384f20385636, 'Mer'),
(15, 'Kieran', 'Castro', '11-08-1981', 'f', 0x4e385520374d35, 'Warwickshire'),
(16, 'Phillip', 'Russell', '30-11-1979', 'm', 0x57325820344d37, 'X'),
(17, 'Brock', 'Banks', '01-08-1983', 'f', 0x52374320304c34, 'Wie'),
(18, 'Seth', 'Gaines', '08-03-2001', 'm', 0x42315920395232, 'So Paulo'),
(19, 'Byron', 'Estrada', '04-11-1962', 'f', 0x46344f20314c35, 'Wie'),
(20, 'Gil', 'Rivera', '11-04-1999', 'm', 0x56394d20344439, 'BC'),
(21, 'Hyatt', 'Mcmahon', '12-01-1974', 'f', 0x47315120394b31, 'BE'),
(22, 'Jordan', 'Velazquez', '09-10-1988', 'm', 0x4c374a20384e32, 'RM'),
(23, 'Brody', 'Noel', '07-09-1966', 'f', 0x4d385320364f32, 'Podlaskie'),
(24, 'Edward', 'Raymond', '01-05-1987', 'm', 0x43384a20304f34, 'Zachodniopomorskie'),
(25, 'Austin', 'Bray', '21-09-1974', 'f', 0x42335520334435, 'MN'),
(26, 'Gil', 'Kent', '11-11-1983', 'm', 0x49334f20314733, 'AN'),
(27, 'Ciaran', 'Martinez', '30-05-1982', 'f', 0x57384720394134, 'Mazowieckie'),
(28, 'Kevin', 'Spears', '03-12-1987', 'm', 0x4d304620304e38, 'Piemonte'),
(29, 'Stewart', 'Mitchell', '04-01-1985', 'f', 0x49395320365938, 'KT'),
(30, 'Declan', 'Oneill', '21-11-1977', 'm', 0x53354420345a31, 'Biobo'),
(31, 'Emerson', 'Decker', '17-09-1985', 'f', 0x55394b20364e34, 'Ontario'),
(32, 'Ali', 'Hicks', '10-04-1967', 'm', 0x44345020304e34, 'Stockholms ln'),
(33, 'Rajah', 'Burt', '30-03-1961', 'f', 0x4a384720364f34, 'KR'),
(34, 'Jackson', 'Webster', '01-03-1983', 'm', 0x42314d20334438, 'MG'),
(35, 'Tiger', 'Hansen', '27-09-1972', 'f', 0x41394420314932, 'BO'),
(36, 'Laith', 'Lloyd', '19-06-1979', 'm', 0x46385420324f39, 'PB'),
(37, 'Carlos', 'Clarke', '06-05-1979', 'f', 0x43325820315836, 'NE'),
(38, 'George', 'Chase', '03-08-2001', 'm', 0x45304d20314737, 'KN'),
(39, 'Chaney', 'Cote', '17-06-1986', 'f', 0x57395720354231, 'stergtlands ln'),
(40, 'Lionel', 'Davenport', '27-05-1971', 'm', 0x5a345020324f32, 'Galicia'),
(41, 'Nehru', 'Ellison', '15-01-1961', 'f', 0x4c325720314234, 'Zeeland'),
(42, 'Thane', 'Guzman', '28-10-2006', 'm', 0x42344820314134, 'IL'),
(43, 'Luke', 'Love', '10-07-2001', 'f', 0x41354c20325437, 'Victoria'),
(44, 'Ira', 'Tucker', '07-11-1978', 'm', 0x42365720394b32, 'Hamburg'),
(45, 'Elvis', 'Pace', '16-12-1978', 'f', 0x59344420364d32, 'West Bengal'),
(46, 'Micah', 'Lindsey', '03-07-1989', 'm', 0x59305520365432, 'Rivers'),
(47, 'Oleg', 'Barton', '13-09-1994', 'f', 0x46364120374332, 'U.'),
(48, 'Tobias', 'Keller', '07-06-1970', 'm', 0x43345220345730, 'L'),
(49, 'Clinton', 'James', '11-07-1981', 'f', 0x52355620315731, 'L'),
(50, 'Bradley', 'Horne', '07-06-1965', 'm', 0x54335020385336, 'Mersin'),
(51, 'Byron', 'Flowers', '19-06-1997', 'f', 0x58375920305730, 'Waals-Brabant'),
(52, 'Jonah', 'Houston', '04-07-1981', 'm', 0x52334220324b38, 'ERM'),
(53, 'Dieter', 'Vargas', '13-05-2005', 'f', 0x45374e20385837, 'North Island'),
(54, 'Amir', 'Juarez', '21-02-1976', 'm', 0x4a305820365530, 'WV'),
(55, 'Aladdin', 'Weber', '19-02-1961', 'f', 0x52344120375938, 'SJ'),
(56, 'Elvis', 'Moreno', '01-06-1965', 'm', 0x42385520375234, 'NI'),
(57, 'Lyle', 'Pearson', '05-02-1986', 'f', 0x57355620364838, 'NSW'),
(58, 'Carson', 'Head', '02-05-2001', 'm', 0x47365120375132, 'Essex'),
(59, 'Melvin', 'Atkinson', '23-09-1968', 'f', 0x58394720384931, 'A'),
(60, 'Ivan', 'Reynolds', '05-06-1988', 'm', 0x53324220335031, 'MI'),
(61, 'Jelani', 'Warner', '17-11-1984', 'f', 0x50374220354431, 'Aragn'),
(62, 'Len', 'Mcconnell', '15-08-1965', 'm', 0x42344920394c36, 'ZP'),
(63, 'Erich', 'Christensen', '12-01-1978', 'f', 0x58394d20395238, 'BA'),
(64, 'Jackson', 'Meadows', '05-06-1961', 'm', 0x4a325a20355636, 'Berlin'),
(65, 'Eric', 'Hawkins', '15-05-1965', 'f', 0x5a364920395937, 'Auvergne'),
(66, 'Hamish', 'Cunningham', '10-05-2001', 'm', 0x57325220305335, 'Metropolitana de Santiago'),
(67, 'Adam', 'Morales', '27-10-1965', 'f', 0x52345220365338, 'Vorarlberg'),
(68, 'Eaton', 'Keller', '29-08-2005', 'm', 0x58344520364132, 'Antofagasta'),
(69, 'Seth', 'Swanson', '10-01-1975', 'f', 0x4c324620314839, 'QLD'),
(70, 'Basil', 'Simon', '02-04-1978', 'm', 0x58394720315839, 'Arkansas'),
(71, 'Hakeem', 'Barrett', '20-02-1978', 'f', 0x41325920385432, 'Paran'),
(72, 'Marvin', 'Collins', '25-08-1987', 'm', 0x55305a20304233, 'Adana'),
(73, 'Wade', 'Ray', '26-05-2002', 'f', 0x4a385320314335, 'BC'),
(74, 'Akeem', 'Fernandez', '13-06-1974', 'm', 0x4d365420365434, 'Navarra'),
(75, 'Kirk', 'Barker', '19-12-1964', 'f', 0x4a364720344738, 'VIC'),
(76, 'Justin', 'Wilcox', '08-11-1961', 'm', 0x4d314420315231, 'SAR'),
(77, 'Graiden', 'Juarez', '25-10-1991', 'f', 0x4f364620314837, 'Lagos'),
(78, 'Dante', 'Maldonado', '13-05-1963', 'm', 0x4c394320325030, 'Connecticut'),
(79, 'Rogan', 'Burgess', '24-06-1997', 'f', 0x41345720304538, 'Delaware'),
(80, 'Keefe', 'Price', '15-10-1973', 'm', 0x41385820364237, 'NSW'),
(81, 'Lawrence', 'Nieves', '03-07-1989', 'f', 0x59304a20314835, 'WB'),
(82, 'Carson', 'Wright', '17-09-1984', 'm', 0x53335920375334, 'AN'),
(83, 'Xavier', 'Munoz', '25-01-1970', 'f', 0x57324720314f39, 'LA'),
(84, 'Sawyer', 'Molina', '24-05-2002', 'm', 0x58365620334334, 'Ist'),
(85, 'Boris', 'Silva', '15-07-1960', 'f', 0x53334520355632, 'Rajasthan'),
(86, 'Hedley', 'Fischer', '16-02-1989', 'm', 0x57334320304637, 'M'),
(87, 'Griffith', 'Higgins', '09-03-2005', 'f', 0x59385920365134, 'Northumberland'),
(88, 'Lyle', 'Horne', '17-11-1987', 'm', 0x44355820375937, 'Mississippi'),
(89, 'Dominic', 'Castaneda', '28-09-1982', 'f', 0x5a324920314a39, 'MT'),
(90, 'Ryder', 'Hardin', '02-02-1985', 'm', 0x49365720325235, 'VB'),
(91, 'Jasper', 'Walton', '01-03-1982', 'f', 0x51384320355031, 'CA'),
(92, 'Reese', 'Aguilar', '18-11-1984', 'm', 0x51324b20355537, 'UP'),
(93, 'Matthew', 'Puckett', '13-05-1960', 'f', 0x43364920335936, 'le-de-France'),
(94, 'Dolan', 'Stanton', '24-06-1998', 'm', 0x53345620384c34, 'Zeeland'),
(95, 'Acton', 'Winters', '22-04-1978', 'f', 0x44374f20394e34, 'ACT'),
(96, 'Malik', 'Weber', '06-07-2001', 'm', 0x4d335220385439, 'AN'),
(97, 'Kenyon', 'Barlow', '26-07-1963', 'f', 0x54334b20365737, 'SP'),
(98, 'Armand', 'Rios', '09-12-1993', 'm', 0x44384e20304237, 'LA'),
(99, 'Cade', 'Decker', '19-11-1975', 'f', 0x4c304c20325a35, 'KT'),
(100, 'Louis', 'Ortiz', '27-07-1990', 'm', 0x51335920384336, 'Molise');

-- --------------------------------------------------------

--
-- Table structure for table `userheight`
--

CREATE TABLE `userheight` (
  `rid` int(11) NOT NULL,
  `date` date DEFAULT NULL,
  `height` float DEFAULT NULL,
  `userid` int(11) NOT NULL
) ENGINE=MyISAM DEFAULT CHARSET=utf8 COLLATE=utf8_unicode_ci;

--
-- Dumping data for table `userheight`
--

INSERT INTO `userheight` (`rid`, `date`, `height`, `userid`) VALUES
(1, '2018-03-01', 175, 3),
(2, '2018-03-02', 165, 4),
(3, '2018-03-03', 171, 1),
(4, '2018-03-04', 157, 1),
(5, '2018-03-05', 190, 1),
(6, '2018-03-06', 152, 1),
(7, '2018-03-07', 170, 1),
(8, '2018-03-08', 186, 1),
(9, '2018-03-09', 184, 1),
(10, '2018-03-10', 166, 1),
(11, '2018-03-11', 173, 1),
(12, '2018-03-12', 173, 1),
(13, '2018-03-13', 157, 1),
(14, '2018-03-14', 170, 1),
(15, '2018-03-15', 154, 1),
(16, '2018-03-16', 165, 1),
(17, '2018-03-17', 180, 1),
(18, '2018-03-18', 164, 1),
(19, '2018-03-19', 174, 1),
(20, '2018-03-20', 152, 1),
(21, '2018-03-21', 183, 1),
(22, '2018-03-22', 187, 1),
(23, '2018-03-23', 164, 1),
(24, '2018-03-24', 167, 1),
(25, '2018-03-25', 187, 1),
(26, '2018-03-26', 158, 1),
(27, '2018-03-27', 165, 1),
(28, '2018-03-28', 171, 1),
(29, '2018-03-29', 188, 1),
(30, '2018-03-30', 187, 1),
(31, '2018-03-31', 154, 1),
(32, '2018-04-01', 160, 1),
(33, '2018-04-02', 169, 1),
(34, '2018-04-03', 179, 1),
(35, '2018-04-04', 181, 1),
(36, '2018-04-05', 150, 1),
(37, '2018-04-06', 169, 1),
(38, '2018-04-07', 156, 1),
(39, '2018-04-08', 169, 1),
(40, '2018-04-09', 169, 1),
(41, '2018-04-10', 181, 1),
(42, '2018-04-11', 150, 1),
(43, '2018-04-12', 167, 1),
(44, '2018-04-13', 162, 1),
(45, '2018-04-14', 188, 1),
(46, '2018-04-15', 163, 1),
(47, '2018-04-16', 171, 1),
(48, '2018-04-17', 153, 1),
(49, '2018-04-18', 167, 1),
(50, '2018-04-19', 171, 1),
(51, '2018-04-20', 186, 1),
(52, '2018-04-21', 188, 1),
(53, '2018-04-22', 157, 1),
(54, '2018-04-23', 188, 1),
(55, '2018-04-24', 161, 1),
(56, '2018-04-25', 174, 1),
(57, '2018-04-26', 164, 1),
(58, '2018-04-27', 162, 1),
(59, '2018-04-28', 183, 1),
(60, '2018-04-29', 167, 1),
(61, '2018-04-30', 154, 1),
(62, '2018-05-01', 151, 1),
(63, '2018-05-02', 170, 1),
(64, '2018-05-03', 166, 1),
(65, '2018-05-04', 184, 1),
(66, '2018-05-05', 168, 1),
(67, '2018-05-06', 153, 1),
(68, '2018-05-07', 152, 1),
(69, '2018-05-08', 173, 1),
(70, '2018-05-09', 185, 1),
(71, '2018-05-10', 182, 1),
(72, '2018-05-11', 169, 1),
(73, '2018-05-12', 172, 1),
(74, '2018-05-13', 183, 1),
(75, '2018-05-14', 177, 1),
(76, '2018-05-15', 172, 1),
(77, '2018-05-16', 174, 1),
(78, '2018-05-17', 183, 1),
(79, '2018-05-18', 169, 1),
(80, '2018-05-19', 156, 1),
(81, '2018-05-20', 188, 1),
(82, '2018-05-21', 175, 1),
(83, '2018-05-22', 186, 1),
(84, '2018-05-23', 156, 1),
(85, '2018-05-24', 167, 1),
(86, '2018-05-25', 181, 1),
(87, '2018-05-26', 189, 1),
(88, '2018-05-27', 170, 1),
(89, '2018-05-28', 160, 1),
(90, '2018-05-29', 155, 1),
(91, '2018-05-30', 179, 1),
(92, '2018-05-31', 175, 1),
(93, '2018-06-01', 163, 1),
(94, '2018-06-02', 182, 1),
(95, '2018-06-03', 158, 1),
(96, '2018-06-04', 164, 1),
(97, '2018-06-05', 159, 4),
(98, '2018-06-06', 170, 3),
(99, '2018-03-01', 152, 2),
(100, '2018-03-02', 190, 2);

-- --------------------------------------------------------

--
-- Table structure for table `userweight`
--

CREATE TABLE `userweight` (
  `userid` int(11) DEFAULT NULL,
  `weight` decimal(4,1) UNSIGNED DEFAULT NULL,
  `date` date DEFAULT NULL,
  `rid` int(11) NOT NULL
) ENGINE=MyISAM DEFAULT CHARSET=utf8 COLLATE=utf8_unicode_ci;

--
-- Dumping data for table `userweight`
--

INSERT INTO `userweight` (`userid`, `weight`, `date`, `rid`) VALUES
(3, '55.0', '2018-03-01', 1),
(4, '81.0', '2018-03-02', 2),
(1, '57.0', '2018-03-03', 3),
(1, '45.0', '2018-03-04', 4),
(1, '51.0', '2018-03-05', 5),
(1, '41.0', '2018-03-06', 6),
(1, '90.0', '2018-03-07', 7),
(1, '69.0', '2018-03-08', 8),
(1, '75.0', '2018-03-09', 9),
(1, '81.0', '2018-03-10', 10),
(1, '58.0', '2018-03-11', 11),
(1, '82.0', '2018-03-12', 12),
(1, '97.0', '2018-03-13', 13),
(1, '51.0', '2018-03-14', 14),
(1, '58.0', '2018-03-15', 15),
(1, '57.0', '2018-03-16', 16),
(1, '77.0', '2018-03-17', 17),
(1, '44.0', '2018-03-18', 18),
(1, '49.0', '2018-03-19', 19),
(1, '69.0', '2018-03-20', 20),
(1, '94.0', '2018-03-21', 21),
(1, '93.0', '2018-03-22', 22),
(1, '88.0', '2018-03-23', 23),
(1, '92.0', '2018-03-24', 24),
(1, '89.0', '2018-03-25', 25),
(1, '48.0', '2018-03-26', 26),
(1, '80.0', '2018-03-27', 27),
(1, '53.0', '2018-03-28', 28),
(1, '50.0', '2018-03-29', 29),
(1, '63.0', '2018-03-30', 30),
(1, '53.0', '2018-03-31', 31),
(1, '86.0', '2018-04-01', 32),
(1, '54.0', '2018-04-02', 33),
(1, '67.0', '2018-04-03', 34),
(1, '76.0', '2018-04-04', 35),
(1, '74.0', '2018-04-05', 36),
(1, '54.0', '2018-04-06', 37),
(1, '89.0', '2018-04-07', 38),
(1, '98.0', '2018-04-08', 39),
(1, '50.0', '2018-04-09', 40),
(1, '70.0', '2018-04-10', 41),
(1, '59.0', '2018-04-11', 42),
(1, '53.0', '2018-04-12', 43),
(1, '72.0', '2018-04-13', 44),
(1, '55.0', '2018-04-14', 45),
(1, '42.0', '2018-04-15', 46),
(1, '88.0', '2018-04-16', 47),
(1, '87.0', '2018-04-17', 48),
(1, '48.0', '2018-04-18', 49),
(1, '58.0', '2018-04-19', 50),
(1, '76.0', '2018-04-20', 51),
(1, '84.0', '2018-04-21', 52),
(1, '76.0', '2018-04-22', 53),
(1, '51.0', '2018-04-23', 54),
(1, '52.0', '2018-04-24', 55),
(1, '69.0', '2018-04-25', 56),
(1, '71.0', '2018-04-26', 57),
(1, '67.0', '2018-04-27', 58),
(1, '81.0', '2018-04-28', 59),
(1, '54.0', '2018-04-29', 60),
(1, '60.0', '2018-04-30', 61),
(1, '42.0', '2018-05-01', 62),
(1, '91.0', '2018-05-02', 63),
(1, '56.0', '2018-05-03', 64),
(1, '97.0', '2018-05-04', 65),
(1, '60.0', '2018-05-05', 66),
(1, '59.0', '2018-05-06', 67),
(1, '40.0', '2018-05-07', 68),
(1, '47.0', '2018-05-08', 69),
(1, '76.0', '2018-05-09', 70),
(1, '79.0', '2018-05-10', 71),
(1, '91.0', '2018-05-11', 72),
(1, '71.0', '2018-05-12', 73),
(1, '64.0', '2018-05-13', 74),
(1, '85.0', '2018-05-14', 75),
(1, '75.0', '2018-05-15', 76),
(1, '57.0', '2018-05-16', 77),
(1, '88.0', '2018-05-17', 78),
(1, '68.0', '2018-05-18', 79),
(1, '87.0', '2018-05-19', 80),
(1, '41.0', '2018-05-20', 81),
(1, '87.0', '2018-05-21', 82),
(1, '54.0', '2018-05-22', 83),
(1, '42.0', '2018-05-23', 84),
(1, '71.0', '2018-05-24', 85),
(1, '70.0', '2018-05-25', 86),
(1, '54.0', '2018-05-26', 87),
(1, '47.0', '2018-05-27', 88),
(1, '56.0', '2018-05-28', 89),
(1, '72.0', '2018-05-29', 90),
(1, '98.0', '2018-05-30', 91),
(1, '65.0', '2018-05-31', 92),
(1, '90.0', '2018-06-01', 93),
(1, '84.0', '2018-06-02', 94),
(1, '89.0', '2018-06-03', 95),
(1, '74.0', '2018-06-04', 96),
(4, '76.0', '2018-06-05', 97),
(3, '90.0', '2018-06-06', 98),
(2, '85.0', '2018-03-01', 99),
(2, '54.0', '2018-03-02', 100),
(2, '77.0', '2018-03-03', 101),
(2, '100.0', '2018-03-04', 102),
(2, '86.0', '2018-03-05', 103),
(2, '94.0', '2018-03-06', 104),
(2, '70.0', '2018-03-07', 105),
(2, '51.0', '2018-03-08', 106),
(2, '63.0', '2018-03-09', 107),
(2, '89.0', '2018-03-10', 108),
(2, '63.0', '2018-03-11', 109),
(2, '60.0', '2018-03-12', 110),
(2, '57.0', '2018-03-13', 111),
(2, '56.0', '2018-03-14', 112),
(2, '89.0', '2018-03-15', 113),
(2, '58.0', '2018-03-16', 114),
(2, '95.0', '2018-03-17', 115),
(2, '84.0', '2018-03-18', 116),
(2, '51.0', '2018-03-19', 117),
(2, '90.0', '2018-03-20', 118),
(2, '64.0', '2018-03-21', 119),
(2, '76.0', '2018-03-22', 120),
(2, '63.0', '2018-03-23', 121),
(2, '88.0', '2018-03-24', 122),
(2, '51.0', '2018-03-25', 123),
(2, '85.0', '2018-03-26', 124),
(2, '84.0', '2018-03-27', 125),
(2, '73.0', '2018-03-28', 126),
(2, '83.0', '2018-03-29', 127),
(2, '45.0', '2018-03-30', 128),
(2, '55.0', '2018-03-31', 129),
(2, '55.0', '2018-04-01', 130),
(2, '70.0', '2018-04-02', 131),
(2, '61.0', '2018-04-03', 132),
(2, '74.0', '2018-04-04', 133),
(2, '80.0', '2018-04-05', 134),
(2, '41.0', '2018-04-06', 135),
(2, '47.0', '2018-04-07', 136),
(2, '89.0', '2018-04-08', 137),
(2, '95.0', '2018-04-09', 138),
(2, '100.0', '2018-04-10', 139),
(2, '72.0', '2018-04-11', 140),
(2, '99.0', '2018-04-12', 141),
(2, '41.0', '2018-04-13', 142),
(2, '74.0', '2018-04-14', 143),
(2, '78.0', '2018-04-15', 144),
(2, '91.0', '2018-04-16', 145),
(2, '93.0', '2018-04-17', 146),
(2, '74.0', '2018-04-18', 147),
(2, '87.0', '2018-04-19', 148),
(2, '57.0', '2018-04-20', 149),
(2, '78.0', '2018-04-21', 150),
(2, '56.0', '2018-04-22', 151),
(2, '82.0', '2018-04-23', 152),
(2, '90.0', '2018-04-24', 153),
(2, '85.0', '2018-04-25', 154),
(2, '64.0', '2018-04-26', 155),
(2, '66.0', '2018-04-27', 156),
(2, '93.0', '2018-04-28', 157),
(2, '93.0', '2018-04-29', 158),
(2, '48.0', '2018-04-30', 159),
(2, '63.0', '2018-05-01', 160),
(2, '72.0', '2018-05-02', 161),
(2, '72.0', '2018-05-03', 162),
(2, '80.0', '2018-05-04', 163),
(2, '68.0', '2018-05-05', 164),
(2, '96.0', '2018-05-06', 165),
(2, '50.0', '2018-05-07', 166),
(2, '41.0', '2018-05-08', 167),
(2, '73.0', '2018-05-09', 168),
(2, '75.0', '2018-05-10', 169),
(2, '91.0', '2018-05-11', 170),
(2, '79.0', '2018-05-12', 171),
(2, '52.0', '2018-05-13', 172),
(2, '63.0', '2018-05-14', 173),
(2, '42.0', '2018-05-15', 174),
(2, '97.0', '2018-05-16', 175),
(2, '79.0', '2018-05-17', 176),
(2, '52.0', '2018-05-18', 177),
(2, '44.0', '2018-05-19', 178),
(2, '57.0', '2018-05-20', 179),
(2, '47.0', '2018-05-21', 180),
(2, '67.0', '2018-05-22', 181),
(2, '69.0', '2018-05-23', 182),
(2, '84.0', '2018-05-24', 183),
(2, '50.0', '2018-05-25', 184),
(2, '73.0', '2018-05-26', 185),
(2, '97.0', '2018-05-27', 186),
(2, '72.0', '2018-05-28', 187),
(2, '83.0', '2018-05-29', 188),
(2, '65.0', '2018-05-30', 189),
(2, '66.0', '2018-05-31', 190),
(2, '92.0', '2018-06-01', 191),
(2, '57.0', '2018-06-02', 192),
(2, '75.0', '2018-06-03', 193),
(4, '73.0', '2018-06-04', 194),
(3, '64.0', '2018-06-05', 195),
(2, '70.0', '2018-06-06', 196),
(2, '57.0', '2018-06-07', 197),
(2, '50.0', '2018-06-08', 198),
(2, '67.0', '2018-06-09', 199);

--
-- Indexes for dumped tables
--

--
-- Indexes for table `bglevel`
--
ALTER TABLE `bglevel`
  ADD PRIMARY KEY (`bgid`),
  ADD KEY `userid` (`userid`);

--
-- Indexes for table `bgunits`
--
ALTER TABLE `bgunits`
  ADD KEY `bgid` (`bgid`);

--
-- Indexes for table `ci_sessions`
--
ALTER TABLE `ci_sessions`
  ADD KEY `ci_sessions_timestamp` (`timestamp`);

--
-- Indexes for table `fitbitcalories`
--
ALTER TABLE `fitbitcalories`
  ADD PRIMARY KEY (`id`);

--
-- Indexes for table `fooddetail`
--
ALTER TABLE `fooddetail`
  ADD PRIMARY KEY (`dfid`);

--
-- Indexes for table `foodlog`
--
ALTER TABLE `foodlog`
  ADD PRIMARY KEY (`foodid`),
  ADD KEY `userid` (`userid`);

--
-- Indexes for table `user`
--
ALTER TABLE `user`
  ADD PRIMARY KEY (`userid`);

--
-- Indexes for table `userdetails`
--
ALTER TABLE `userdetails`
  ADD PRIMARY KEY (`userid`);

--
-- Indexes for table `userheight`
--
ALTER TABLE `userheight`
  ADD PRIMARY KEY (`rid`),
  ADD KEY `userid` (`userid`);

--
-- Indexes for table `userweight`
--
ALTER TABLE `userweight`
  ADD PRIMARY KEY (`rid`),
  ADD KEY `userid` (`userid`);

--
-- AUTO_INCREMENT for dumped tables
--

--
-- AUTO_INCREMENT for table `bglevel`
--
ALTER TABLE `bglevel`
  MODIFY `bgid` int(11) NOT NULL AUTO_INCREMENT;

--
-- AUTO_INCREMENT for table `fitbitcalories`
--
ALTER TABLE `fitbitcalories`
  MODIFY `id` bigint(20) UNSIGNED NOT NULL AUTO_INCREMENT, AUTO_INCREMENT=81;

--
-- AUTO_INCREMENT for table `fooddetail`
--
ALTER TABLE `fooddetail`
  MODIFY `dfid` int(11) NOT NULL AUTO_INCREMENT, AUTO_INCREMENT=6;

--
-- AUTO_INCREMENT for table `foodlog`
--
ALTER TABLE `foodlog`
  MODIFY `foodid` int(11) NOT NULL AUTO_INCREMENT, AUTO_INCREMENT=393;

--
-- AUTO_INCREMENT for table `user`
--
ALTER TABLE `user`
  MODIFY `userid` int(11) NOT NULL AUTO_INCREMENT, AUTO_INCREMENT=101;

--
-- AUTO_INCREMENT for table `userdetails`
--
ALTER TABLE `userdetails`
  MODIFY `userid` int(11) NOT NULL AUTO_INCREMENT, AUTO_INCREMENT=101;

--
-- AUTO_INCREMENT for table `userheight`
--
ALTER TABLE `userheight`
  MODIFY `rid` int(11) NOT NULL AUTO_INCREMENT, AUTO_INCREMENT=101;

--
-- AUTO_INCREMENT for table `userweight`
--
ALTER TABLE `userweight`
  MODIFY `rid` int(11) NOT NULL AUTO_INCREMENT, AUTO_INCREMENT=200;
COMMIT;

/*!40101 SET CHARACTER_SET_CLIENT=@OLD_CHARACTER_SET_CLIENT */;
/*!40101 SET CHARACTER_SET_RESULTS=@OLD_CHARACTER_SET_RESULTS */;
/*!40101 SET COLLATION_CONNECTION=@OLD_COLLATION_CONNECTION */;
